orf_id,phylo_cluster,orf1_genus
MZ286050.1_1,1,Gammatorquevirus
MZ286052.1_1,2,Betatorquevirus
MZ286273.1_1,2,Betatorquevirus
MW455411.1_1,2,Betatorquevirus
MZ286088.1_1,2,Betatorquevirus
MW455391.1_1,2,Betatorquevirus
MZ286163.1_1,2,Betatorquevirus
KP343847.1_1,2,Betatorquevirus
MZ286289.1_1,2,Betatorquevirus
MH649229.1_1,2,Betatorquevirus
MZ286250.1_1,2,Betatorquevirus
MZ286264.1_1,2,Betatorquevirus
MW455429.1_1,2,Betatorquevirus
MZ286274.1_1,2,Betatorquevirus
MH648977.1_1,2,Betatorquevirus
MH649011.1_1,2,Betatorquevirus
MW455382.1_1,2,Betatorquevirus
MH649077.1_1,2,Betatorquevirus
MH649254.1_1,2,Betatorquevirus
MZ286245.1_1,2,Betatorquevirus
MZ286270.1_1,2,Betatorquevirus
MZ286053.1_1,2,Betatorquevirus
MZ286193.1_1,2,Betatorquevirus
MZ286266.1_1,2,Betatorquevirus
MH649023.1_1,2,Betatorquevirus
MH649104.1_1,2,Betatorquevirus
MZ286180.1_1,2,Betatorquevirus
MZ286148.1_1,2,Betatorquevirus
MZ286256.1_1,2,Betatorquevirus
MW455444.1_1,2,Betatorquevirus
MH649212.1_1,2,Betatorquevirus
MH649017.1_1,2,Betatorquevirus
MZ286277.1_1,2,Betatorquevirus
MW455425.1_1,2,Betatorquevirus
MZ286021.1_1,2,Betatorquevirus
MH649114.1_1,2,Betatorquevirus
MH649152.1_1,2,Betatorquevirus
MW455431.1_1,2,Betatorquevirus
MZ286200.1_1,3,Betatorquevirus
MH649051.1_1,3,Betatorquevirus
MW455386.1_1,3,Betatorquevirus
MH649217.1_1,3,Betatorquevirus
MZ286257.1_1,3,Betatorquevirus
MZ286275.1_1,3,Betatorquevirus
MZ286007.1_1,3,Betatorquevirus
MZ286225.1_1,3,Betatorquevirus
MZ286020.1_1,3,Betatorquevirus
MH649165.1_1,3,Betatorquevirus
MZ286058.1_1,3,Betatorquevirus
MZ286065.1_1,4,Betatorquevirus
MZ286269.1_1,4,Betatorquevirus
MZ286190.1_1,4,Betatorquevirus
MZ286207.1_1,4,Betatorquevirus
MZ286236.1_1,4,Betatorquevirus
MZ286034.1_1,4,Betatorquevirus
MZ286111.1_1,4,Betatorquevirus
MZ286072.1_1,5,Betatorquevirus
MZ286226.1_1,5,Betatorquevirus
MW455419.1_1,5,Betatorquevirus
MZ286254.1_1,5,Betatorquevirus
MW455381.1_1,5,Betatorquevirus
MZ286196.1_1,5,Betatorquevirus
MW455398.1_1,5,Betatorquevirus
MH649141.1_1,5,Betatorquevirus
MZ286292.1_1,5,Betatorquevirus
MZ286262.1_1,5,Betatorquevirus
MZ286234.1_1,5,Betatorquevirus
MH648999.1_1,5,Betatorquevirus
MZ286237.1_1,5,Betatorquevirus
MZ286276.1_1,5,Betatorquevirus
MH648897.1_1,5,Betatorquevirus
MH649002.1_1,5,Betatorquevirus
MZ286244.1_1,5,Betatorquevirus
MW455364.1_1,5,Betatorquevirus
KP343832.1_1,5,Betatorquevirus
MH649006.1_1,5,Betatorquevirus
MH649106.1_1,5,Betatorquevirus
MZ286044.1_1,5,Betatorquevirus
MZ286133.1_1,6,Betatorquevirus
MW455403.1_1,6,Betatorquevirus
MZ286231.1_1,7,Betatorquevirus
MH649228.1_1,7,Betatorquevirus
MH649183.1_1,7,Betatorquevirus
MH649045.1_1,7,Betatorquevirus
MZ286253.1_1,7,Betatorquevirus
MH649009.1_1,7,Betatorquevirus
MH649157.1_1,7,Betatorquevirus
MH649172.1_1,7,Betatorquevirus
MW455354.1_1,7,Betatorquevirus
MH649189.1_1,7,Betatorquevirus
MH649040.1_1,7,Betatorquevirus
MH649224.1_1,7,Betatorquevirus
MW455388.1_1,7,Betatorquevirus
MH649125.1_1,7,Betatorquevirus
KP343836.1_1,7,Betatorquevirus
MH649174.1_1,7,Betatorquevirus
MH649185.1_1,7,Betatorquevirus
KP343818.1_1,7,Betatorquevirus
MH649068.1_1,7,Betatorquevirus
MH649061.1_1,7,Betatorquevirus
KP343835.1_1,7,Betatorquevirus
MH649186.1_1,7,Betatorquevirus
MH648957.1_1,7,Betatorquevirus
KP343834.1_1,7,Betatorquevirus
MZ286194.1_1,8,Betatorquevirus
MW455427.1_1,8,Betatorquevirus
MZ286282.1_1,8,Betatorquevirus
MZ286263.1_1,9,Betatorquevirus
MZ286004.1_1,9,Betatorquevirus
MH648910.1_1,9,Betatorquevirus
MZ286260.1_1,10,Betatorquevirus
KP343862.1_1,10,Betatorquevirus
MZ825126.1_1,10,Betatorquevirus
KP343860.1_1,10,Betatorquevirus
MZ286268.1_1,10,Betatorquevirus
MZ286279.1_1,10,Betatorquevirus
MW455363.1_1,10,Betatorquevirus
MW455434.1_1,10,Betatorquevirus
KP343833.1_1,10,Betatorquevirus
MH649204.1_1,10,Betatorquevirus
MZ286187.1_1,11,Betatorquevirus
MZ286242.1_1,13,Betatorquevirus
MZ286272.1_1,13,Betatorquevirus
MZ286281.1_1,14,Betatorquevirus
MZ286229.1_1,15,Betatorquevirus
KP343854.1_1,15,Betatorquevirus
MZ286288.1_1,15,Betatorquevirus
MT506588.1_1,15,Betatorquevirus
MH648907.1_1,15,Betatorquevirus
MZ286233.1_1,13,Betatorquevirus
MZ286280.1_1,13,Betatorquevirus
MZ286195.1_1,17,Betatorquevirus
KP343864.1_1,17,Betatorquevirus
MZ286230.1_1,17,Betatorquevirus
MH649241.1_1,17,Betatorquevirus
MZ286249.1_1,17,Betatorquevirus
MH649161.1_1,17,Betatorquevirus
MH649101.1_1,17,Betatorquevirus
MH649056.1_1,17,Betatorquevirus
MW455430.1_1,17,Betatorquevirus
MH648892.1_1,17,Betatorquevirus
MZ286255.1_1,17,Betatorquevirus
MH648989.1_1,17,Betatorquevirus
MZ286290.1_1,17,Betatorquevirus
MZ286033.1_1,17,Betatorquevirus
MH649084.1_1,17,Betatorquevirus
MZ286171.1_1,18,Betatorquevirus
MZ286271.1_1,18,Betatorquevirus
MZ286127.1_1,19,Betatorquevirus
MZ286219.1_1,19,Betatorquevirus
MW455428.1_1,19,Betatorquevirus
MZ286239.1_1,19,Betatorquevirus
MZ286240.1_1,19,Betatorquevirus
MW455409.1_1,19,Betatorquevirus
MZ286243.1_1,19,Betatorquevirus
KP343858.1_1,19,Betatorquevirus
MW455358.1_1,19,Betatorquevirus
MZ286136.1_1,20,Betatorquevirus
MW455445.1_1,20,Betatorquevirus
MZ286246.1_1,20,Betatorquevirus
MZ286258.1_1,20,Betatorquevirus
MZ286285.1_1,20,Betatorquevirus
MZ286241.1_1,20,Betatorquevirus
MH648966.1_1,20,Betatorquevirus
MZ286265.1_1,21,Betatorquevirus
KP343857.1_1,21,Betatorquevirus
MH649263.1_1,21,Betatorquevirus
MZ286048.1_1,21,Betatorquevirus
KP343856.1_1,21,Betatorquevirus
MZ286134.1_1,22,Betatorquevirus
MT157223.1_1,22,Betatorquevirus
MT210805.1_1,22,Betatorquevirus
MH649029.1_1,23,Betatorquevirus
KP343819.1_1,23,Betatorquevirus
MH649199.1_1,23,Betatorquevirus
OR148954.1_1,23,Betatorquevirus
MZ286082.1_1,24,Betatorquevirus
KP343850.1_1,24,Betatorquevirus
MZ286267.1_1,24,Betatorquevirus
MH649223.1_1,24,Betatorquevirus
MZ286247.1_1,24,Betatorquevirus
MZ286259.1_1,24,Betatorquevirus
MZ286252.1_1,24,Betatorquevirus
MH649083.1_1,24,Betatorquevirus
MH648982.1_1,24,Betatorquevirus
MH649087.1_1,24,Betatorquevirus
MZ286286.1_1,24,Betatorquevirus
MZ286291.1_1,24,Betatorquevirus
MZ286192.1_1,24,Betatorquevirus
KP343849.1_1,24,Betatorquevirus
KP343848.1_1,24,Betatorquevirus
MZ286228.1_1,24,Betatorquevirus
MH648985.1_1,24,Betatorquevirus
KP343853.1_1,24,Betatorquevirus
MH649028.1_1,24,Betatorquevirus
KP343830.1_1,24,Betatorquevirus
KP343851.1_1,24,Betatorquevirus
MZ285991.1_1,24,Betatorquevirus
MH648983.1_1,24,Betatorquevirus
MW455402.1_1,24,Betatorquevirus
MH648900.1_1,24,Betatorquevirus
KP343829.1_1,24,Betatorquevirus
MZ286084.1_1,24,Betatorquevirus
MH649209.1_1,24,Betatorquevirus
MH648986.1_1,24,Betatorquevirus
MZ286248.1_1,24,Betatorquevirus
MZ286224.1_1,25,Betatorquevirus
MH648912.1_1,25,Betatorquevirus
KP343852.1_1,25,Betatorquevirus
MZ286278.1_1,25,Betatorquevirus
MZ286284.1_1,25,Betatorquevirus
OZ258776.1_1,27,Hetorquevirus
MK212032.1_1,27,Hetorquevirus
MZ286056.1_1,29,Alphatorquevirus
MZ286206.1_1,29,Alphatorquevirus
MZ286047.1_1,29,Alphatorquevirus
MZ286157.1_1,29,Alphatorquevirus
MW455346.1_1,29,Alphatorquevirus
MW455347.1_1,29,Alphatorquevirus
MZ286011.1_1,29,Alphatorquevirus
MW455422.1_1,29,Alphatorquevirus
KP343841.1_1,29,Alphatorquevirus
MH648959.1_1,29,Alphatorquevirus
MZ286057.1_1,29,Alphatorquevirus
MZ286144.1_1,29,Alphatorquevirus
MZ285984.1_1,29,Alphatorquevirus
MW455387.1_1,29,Alphatorquevirus
MH648916.1_1,29,Alphatorquevirus
MZ286070.1_1,29,Alphatorquevirus
KM593802.2_1,29,Alphatorquevirus
MH648893.1_1,29,Alphatorquevirus
MZ285985.1_1,29,Alphatorquevirus
MK820646.1_1,29,Alphatorquevirus
KP343842.1_1,29,Alphatorquevirus
MH648997.1_1,29,Alphatorquevirus
MZ286115.1_1,29,Alphatorquevirus
MZ286152.1_1,29,Alphatorquevirus
MZ286218.1_1,29,Alphatorquevirus
MZ286168.1_1,29,Alphatorquevirus
MW455380.1_1,29,Alphatorquevirus
MW455414.1_1,29,Alphatorquevirus
KP343838.1_1,29,Alphatorquevirus
MZ286018.1_1,29,Alphatorquevirus
MZ286074.1_1,29,Alphatorquevirus
MH649014.1_1,29,Alphatorquevirus
MT783405.1_1,29,Alphatorquevirus
MZ285992.1_1,29,Alphatorquevirus
MW455352.1_1,29,Alphatorquevirus
MZ285971.1_1,29,Alphatorquevirus
MH648995.1_1,29,Alphatorquevirus
MW455351.1_1,29,Alphatorquevirus
MH648925.1_1,29,Alphatorquevirus
MZ286086.1_1,29,Alphatorquevirus
MZ286161.1_1,29,Alphatorquevirus
MW455348.1_1,29,Alphatorquevirus
MZ285982.1_1,29,Alphatorquevirus
MK820645.1_1,29,Alphatorquevirus
MZ286099.1_1,29,Alphatorquevirus
MH648969.1_1,29,Alphatorquevirus
OR148955.1_1,29,Alphatorquevirus
MZ285976.1_1,29,Alphatorquevirus
MZ286031.1_1,29,Alphatorquevirus
MZ286042.1_1,29,Alphatorquevirus
MN765196.1_1,29,Alphatorquevirus
MZ286220.1_1,29,Alphatorquevirus
MZ286014.1_1,29,Alphatorquevirus
OR148953.1_1,29,Alphatorquevirus
MH648976.1_1,29,Alphatorquevirus
MH649142.1_1,29,Alphatorquevirus
MZ286105.1_1,29,Alphatorquevirus
PP374828.1_1,29,Alphatorquevirus
OP985294.1_1,29,Alphatorquevirus
MH649037.1_1,29,Alphatorquevirus
OP985293.1_1,29,Alphatorquevirus
MW679003.1_1,29,Alphatorquevirus
MZ286170.1_1,29,Alphatorquevirus
MZ286046.1_1,29,Alphatorquevirus
MH649256.1_1,29,Alphatorquevirus
MZ286113.1_1,29,Alphatorquevirus
AY823988.1_1,29,Alphatorquevirus
MZ286101.1_1,29,Alphatorquevirus
MH649113.1_1,29,Alphatorquevirus
MH649158.1_1,29,Alphatorquevirus
MW455401.1_1,29,Alphatorquevirus
MW455384.1_1,29,Alphatorquevirus
MZ286022.1_1,29,Alphatorquevirus
MH649062.1_1,29,Alphatorquevirus
MZ286038.1_1,29,Alphatorquevirus
MH648911.1_1,29,Alphatorquevirus
MZ286076.1_1,29,Alphatorquevirus
MZ285987.1_1,29,Alphatorquevirus
MH649042.1_1,29,Alphatorquevirus
MZ286100.1_1,29,Alphatorquevirus
MZ286130.1_1,29,Alphatorquevirus
MN765201.1_1,29,Alphatorquevirus
HM224451.1_1,29,Alphatorquevirus
MN765202.1_1,29,Alphatorquevirus
MZ286184.1_1,29,Alphatorquevirus
PP374831.1_1,29,Alphatorquevirus
MW455448.1_1,29,Alphatorquevirus
MH649178.1_1,29,Alphatorquevirus
MN765197.1_1,29,Alphatorquevirus
MW455397.1_1,29,Alphatorquevirus
KP343846.1_1,29,Alphatorquevirus
MW455435.1_1,29,Alphatorquevirus
MW679006.1_1,29,Alphatorquevirus
MN765195.1_1,29,Alphatorquevirus
PP374829.1_1,29,Alphatorquevirus
PP374835.1_1,29,Alphatorquevirus
PP374830.1_1,29,Alphatorquevirus
MW455392.1_1,29,Alphatorquevirus
MZ285978.1_1,29,Alphatorquevirus
MH649210.1_1,29,Alphatorquevirus
MZ285979.1_1,29,Alphatorquevirus
MZ286063.1_1,29,Alphatorquevirus
MZ286114.1_1,29,Alphatorquevirus
MW455389.1_1,29,Alphatorquevirus
MZ286097.1_1,29,Alphatorquevirus
MZ286118.1_1,29,Alphatorquevirus
MW455420.1_1,29,Alphatorquevirus
MZ286182.1_1,29,Alphatorquevirus
MH649039.1_1,29,Alphatorquevirus
MH649137.1_1,29,Alphatorquevirus
MZ286215.1_1,29,Alphatorquevirus
MZ286128.1_1,29,Alphatorquevirus
MW455390.1_1,29,Alphatorquevirus
MH649122.1_1,29,Alphatorquevirus
MT783404.1_1,29,Alphatorquevirus
KP343840.1_1,29,Alphatorquevirus
PP374832.1_1,29,Alphatorquevirus
MZ286102.1_1,29,Alphatorquevirus
KJ194502.1_1,29,Alphatorquevirus
AY823989.1_1,29,Alphatorquevirus
MZ286092.1_1,30,Alphatorquevirus
MZ286188.1_1,30,Alphatorquevirus
MW455383.1_1,30,Alphatorquevirus
MW455423.1_1,30,Alphatorquevirus
MZ286205.1_1,30,Alphatorquevirus
MW455438.1_1,30,Alphatorquevirus
MH648958.1_1,30,Alphatorquevirus
MZ286023.1_1,30,Alphatorquevirus
MW455359.1_1,30,Alphatorquevirus
MZ286156.1_1,30,Alphatorquevirus
MZ286151.1_1,30,Alphatorquevirus
MZ285964.1_1,30,Alphatorquevirus
MH648950.1_1,30,Alphatorquevirus
MH649258.1_1,30,Alphatorquevirus
MW455369.1_1,30,Alphatorquevirus
MT501648.1_1,30,Alphatorquevirus
MH649129.1_1,30,Alphatorquevirus
MH649242.1_1,30,Alphatorquevirus
MH648901.1_1,30,Alphatorquevirus
MZ286222.1_1,30,Alphatorquevirus
MH649092.1_1,30,Alphatorquevirus
PP374834.1_1,30,Alphatorquevirus
MH649156.1_1,30,Alphatorquevirus
MZ286094.1_1,30,Alphatorquevirus
PQ438050.1_1,30,Alphatorquevirus
MW455375.1_1,30,Alphatorquevirus
MZ286107.1_1,30,Alphatorquevirus
MZ286158.1_1,30,Alphatorquevirus
MW455385.1_1,30,Alphatorquevirus
MZ286160.1_1,30,Alphatorquevirus
MW455416.1_1,30,Alphatorquevirus
MW455432.1_1,30,Alphatorquevirus
KP343845.1_1,30,Alphatorquevirus
MZ286043.1_1,30,Alphatorquevirus
MZ286143.1_1,30,Alphatorquevirus
MZ286037.1_1,30,Alphatorquevirus
MZ286209.1_1,30,Alphatorquevirus
MW455395.1_1,30,Alphatorquevirus
MH649022.1_1,30,Alphatorquevirus
MZ286221.1_1,30,Alphatorquevirus
MN765200.1_1,30,Alphatorquevirus
MW455399.1_1,30,Alphatorquevirus
OQ283124.1_1,30,Alphatorquevirus
MW455446.1_1,30,Alphatorquevirus
MH648942.1_1,30,Alphatorquevirus
MW857571.1_1,30,Alphatorquevirus
MK820644.1_1,30,Alphatorquevirus
MZ286141.1_1,30,Alphatorquevirus
MT501646.1_1,30,Alphatorquevirus
MZ286060.1_1,31,Alphatorquevirus
KP343843.1_1,31,Alphatorquevirus
MW455393.1_1,31,Alphatorquevirus
MZ286027.1_1,31,Alphatorquevirus
KP343844.1_1,31,Alphatorquevirus
MH649109.1_1,31,Alphatorquevirus
MZ286064.1_1,31,Alphatorquevirus
MZ286025.1_1,31,Alphatorquevirus
MZ286181.1_1,31,Alphatorquevirus
MT783406.1_1,31,Alphatorquevirus
MW455421.1_1,31,Alphatorquevirus
MW455440.1_1,31,Alphatorquevirus
KP343837.1_1,31,Alphatorquevirus
MH649063.1_1,31,Alphatorquevirus
MZ286061.1_1,31,Alphatorquevirus
MZ286106.1_1,31,Alphatorquevirus
MZ286006.1_1,31,Alphatorquevirus
MZ286140.1_1,31,Alphatorquevirus
MZ286124.1_1,31,Alphatorquevirus
MN765203.1_1,31,Alphatorquevirus
MW455400.1_1,31,Alphatorquevirus
MW455442.1_1,31,Alphatorquevirus
MZ286019.1_1,31,Alphatorquevirus
MW455417.1_1,31,Alphatorquevirus
MZ286017.1_1,31,Alphatorquevirus
MZ286142.1_1,31,Alphatorquevirus
MZ286062.1_1,31,Alphatorquevirus
MZ286110.1_1,31,Alphatorquevirus
MN765199.1_1,31,Alphatorquevirus
JN980171.1_1,31,Alphatorquevirus
MN765198.1_1,31,Alphatorquevirus
MZ285973.1_1,31,Alphatorquevirus
KJ194503.1_1,31,Alphatorquevirus
MZ286093.1_1,32,Alphatorquevirus
MW679005.1_1,32,Alphatorquevirus
MW455368.1_1,32,Alphatorquevirus
KP036971.1_1,32,Alphatorquevirus
MZ285983.1_1,32,Alphatorquevirus
MH648962.1_1,32,Alphatorquevirus
MN768561.1_1,32,Alphatorquevirus
MZ286009.1_1,32,Alphatorquevirus
MN768560.1_1,32,Alphatorquevirus
MH648946.1_1,32,Alphatorquevirus
MN768559.1_1,32,Alphatorquevirus
MH648990.1_1,32,Alphatorquevirus
MZ286098.1_1,32,Alphatorquevirus
MH648913.1_1,32,Alphatorquevirus
MZ286003.1_1,32,Alphatorquevirus
MZ286109.1_1,32,Alphatorquevirus
MZ286122.1_1,32,Alphatorquevirus
MN768564.1_1,32,Alphatorquevirus
MZ285994.1_1,32,Alphatorquevirus
MZ286186.1_1,32,Alphatorquevirus
MW455349.1_1,32,Alphatorquevirus
MN768565.1_1,32,Alphatorquevirus
MZ285989.1_1,32,Alphatorquevirus
MN768563.1_1,32,Alphatorquevirus
MW455439.1_1,32,Alphatorquevirus
MH649085.1_1,32,Alphatorquevirus
MZ286185.1_1,32,Alphatorquevirus
MZ286008.1_1,32,Alphatorquevirus
MN768562.1_1,32,Alphatorquevirus
MZ286183.1_1,32,Alphatorquevirus
KP343839.1_1,32,Alphatorquevirus
MZ285969.1_1,32,Alphatorquevirus
MN768568.1_1,32,Alphatorquevirus
MH649070.1_1,32,Alphatorquevirus
MH649144.1_1,32,Alphatorquevirus
MZ286002.1_1,32,Alphatorquevirus
MH649255.1_1,32,Alphatorquevirus
MN768566.1_1,32,Alphatorquevirus
MN774989.1_1,33,Unclassified
MH649127.1_1,33,Unclassified
MN774956.1_1,34,Samektorquevirus
MN774929.1_1,34,Samektorquevirus
MN774932.1_1,34,Samektorquevirus
MN774933.1_1,34,Samektorquevirus
MN774934.1_1,34,Samektorquevirus
MN774959.1_1,34,Samektorquevirus
MN774988.1_1,34,Samektorquevirus
KP343820.1_1,34,Samektorquevirus
MN774930.1_1,35,Memtorquevirus
MN774938.1_1,35,Memtorquevirus
MN774939.1_1,35,Memtorquevirus
MN774927.1_1,35,Memtorquevirus
MN774928.1_1,35,Memtorquevirus
MZ286176.1_1,36,Unclassified
OP549858.1_1,36,Unclassified
MN774948.1_1,36,Unclassified
MZ286024.1_1,36,Unclassified
MN774945.1_1,37,Unclassified
MN774967.1_1,37,Unclassified
MN774969.1_1,37,Unclassified
MN774968.1_1,37,Unclassified
MN774975.1_1,37,Unclassified
KP343821.1_1,37,Unclassified
MZ286071.1_1,38,Gammatorquevirus
MN774981.1_1,38,Gammatorquevirus
MW455362.1_1,38,Gammatorquevirus
MZ286150.1_1,38,Gammatorquevirus
MZ286238.1_1,38,Gammatorquevirus
MW455406.1_1,38,Gammatorquevirus
MZ286177.1_1,38,Gammatorquevirus
MZ286154.1_1,38,Gammatorquevirus
MW455408.1_1,38,Gammatorquevirus
MZ286005.1_1,38,Gammatorquevirus
MN774964.1_1,38,Gammatorquevirus
MZ286201.1_1,38,Gammatorquevirus
MW455407.1_1,38,Gammatorquevirus
MN774935.1_1,38,Gammatorquevirus
MZ285999.1_1,38,Gammatorquevirus
MN774942.1_1,38,Gammatorquevirus
MN774953.1_1,38,Gammatorquevirus
MN774976.1_1,39,Gammatorquevirus
MZ286068.1_1,39,Gammatorquevirus
MZ285962.1_1,39,Gammatorquevirus
MZ286147.1_1,39,Gammatorquevirus
MZ286198.1_1,39,Gammatorquevirus
MN774984.1_1,39,Gammatorquevirus
MN774941.1_1,39,Gammatorquevirus
MN774954.1_1,39,Gammatorquevirus
AY622909.1_1,39,Gammatorquevirus
MN774962.1_1,39,Gammatorquevirus
MT506589.1_1,39,Gammatorquevirus
KP343822.1_1,39,Gammatorquevirus
MN774936.1_1,39,Gammatorquevirus
MN774955.1_1,39,Gammatorquevirus
MN774977.1_1,39,Gammatorquevirus
MZ286069.1_1,39,Gammatorquevirus
MZ286000.1_1,39,Gammatorquevirus
MZ286041.1_1,39,Gammatorquevirus
MW455378.1_1,39,Gammatorquevirus
MZ286081.1_1,39,Gammatorquevirus
MN774940.1_1,39,Gammatorquevirus
MZ286117.1_1,39,Gammatorquevirus
MN774944.1_1,39,Gammatorquevirus
MN774987.1_1,39,Gammatorquevirus
KP343824.1_1,39,Gammatorquevirus
MZ286096.1_1,39,Gammatorquevirus
MZ286214.1_1,39,Gammatorquevirus
MW455405.1_1,39,Gammatorquevirus
MZ286001.1_1,39,Gammatorquevirus
MN774985.1_1,39,Gammatorquevirus
MN774974.1_1,39,Gammatorquevirus
MZ286091.1_1,39,Gammatorquevirus
MZ286203.1_1,39,Gammatorquevirus
MZ286191.1_1,39,Gammatorquevirus
MW455450.1_1,39,Gammatorquevirus
MN774971.1_1,39,Gammatorquevirus
MN774986.1_1,39,Gammatorquevirus
MZ286172.1_1,39,Gammatorquevirus
MZ286089.1_1,40,Gammatorquevirus
MZ286202.1_1,40,Gammatorquevirus
MW455373.1_1,40,Gammatorquevirus
AB303563.1_1,40,Gammatorquevirus
MZ285963.1_1,40,Gammatorquevirus
MN774961.1_1,40,Gammatorquevirus
MN774970.1_1,40,Gammatorquevirus
MZ286217.1_1,39,Gammatorquevirus
MZ286173.1_1,1,Gammatorquevirus
MH648922.1_1,1,Gammatorquevirus
MN774973.1_1,1,Gammatorquevirus
AB303555.1_1,1,Gammatorquevirus
MN774943.1_1,1,Gammatorquevirus
MN774972.1_1,1,Gammatorquevirus
MN774937.1_1,1,Gammatorquevirus
MN774951.1_1,1,Gammatorquevirus
MN774963.1_1,1,Gammatorquevirus
MN774952.1_1,1,Gammatorquevirus
MN774978.1_1,1,Gammatorquevirus
MN774965.1_1,1,Gammatorquevirus
MW455365.1_1,1,Gammatorquevirus
KP343827.1_1,1,Gammatorquevirus
AB303565.1_1,1,Gammatorquevirus
MZ286067.1_1,1,Gammatorquevirus
MZ286026.1_1,1,Gammatorquevirus
MZ286085.1_1,1,Gammatorquevirus
MW455410.1_1,1,Gammatorquevirus
MZ286087.1_1,1,Gammatorquevirus
MZ286138.1_1,1,Gammatorquevirus
MZ286197.1_1,1,Gammatorquevirus
MZ286032.1_1,1,Gammatorquevirus
MZ286083.1_1,1,Gammatorquevirus
MZ286175.1_1,1,Gammatorquevirus
MZ286223.1_1,1,Gammatorquevirus
MZ285996.1_1,1,Gammatorquevirus
MZ286095.1_1,1,Gammatorquevirus
MZ286165.1_1,1,Gammatorquevirus
MW455361.1_1,1,Gammatorquevirus
OP549859.1_1,1,Gammatorquevirus
MW455394.1_1,1,Gammatorquevirus
MZ286112.1_1,1,Gammatorquevirus
AB303557.1_1,1,Gammatorquevirus
AB303556.1_1,1,Gammatorquevirus
MZ285986.1_1,1,Gammatorquevirus
MZ286116.1_1,1,Gammatorquevirus
KP343826.1_1,1,Gammatorquevirus
MN774958.1_1,1,Gammatorquevirus
MW455436.1_1,1,Gammatorquevirus
MZ286199.1_1,1,Gammatorquevirus
MN774950.1_1,1,Gammatorquevirus
MZ286153.1_1,1,Gammatorquevirus
KP343825.1_1,1,Gammatorquevirus
MZ286164.1_1,1,Gammatorquevirus
OP549860.1_1,1,Gammatorquevirus
MZ286149.1_1,1,Gammatorquevirus
MN774949.1_1,1,Gammatorquevirus
MZ286055.1_1,1,Gammatorquevirus
MZ286090.1_1,1,Gammatorquevirus
MZ286159.1_1,1,Gammatorquevirus
MZ286137.1_1,1,Gammatorquevirus
MW455426.1_1,1,Gammatorquevirus
MN774980.1_1,1,Gammatorquevirus
MW455413.1_1,1,Gammatorquevirus
JQ308210.1_1,26,Gyrovirus
JQ690763.1_1,26,Gyrovirus
KF294862.1_1,26,Gyrovirus
JQ690762.1_1,26,Gyrovirus
JX310702.1_1,26,Gyrovirus
KF294861.1_1,26,Gyrovirus
PP728776.1_1,34,Samektorquevirus
PP728779.1_1,34,Samektorquevirus
PP728781.1_1,34,Samektorquevirus
PP728782.1_1,35,Memtorquevirus
OZ258714.1_1,27,Hetorquevirus
MN769234.1_1,27,Hetorquevirus
MH017566.1_1,2,Betatorquevirus
AB303561.1_1,38,Gammatorquevirus
AB303559.1_1,38,Gammatorquevirus
AB303564.1_1,39,Gammatorquevirus
OK574374.1_1,39,Gammatorquevirus
AB290919.1_1,39,Gammatorquevirus
AB303554.1_1,39,Gammatorquevirus
OZ258610.1_1,39,Gammatorquevirus
AB303566.1_1,39,Gammatorquevirus
OZ258698.1_1,39,Gammatorquevirus
NC_038359.1_1,39,Gammatorquevirus
AB303562.1_1,39,Gammatorquevirus
OZ258705.1_1,39,Gammatorquevirus
AB303553.1_1,40,Gammatorquevirus
AB290917.1_1,1,Gammatorquevirus
AB290918.1_1,1,Gammatorquevirus
NC_038350.1_1,1,Gammatorquevirus
NC_038351.1_1,1,Gammatorquevirus
AB303560.1_1,1,Gammatorquevirus
AB303552.1_1,1,Gammatorquevirus
OK574345.1_1,1,Gammatorquevirus
OK574382.1_1,1,Gammatorquevirus
AB303558.1_1,1,Gammatorquevirus
OZ258684.1_1,29,Alphatorquevirus
OZ258692.1_1,29,Alphatorquevirus
OZ258652.1_1,29,Alphatorquevirus
OZ258612.1_1,29,Alphatorquevirus
OZ258675.1_1,29,Alphatorquevirus
OZ258799.1_1,29,Alphatorquevirus
OZ258617.1_1,29,Alphatorquevirus
OZ258672.1_1,29,Alphatorquevirus
OZ258664.1_1,30,Alphatorquevirus
OZ258660.1_1,30,Alphatorquevirus
MH017570.1_1,30,Alphatorquevirus
MH017577.1_1,30,Alphatorquevirus
MH017583.1_1,30,Alphatorquevirus
OZ258785.1_1,30,Alphatorquevirus
NC_038337.1_1,31,Alphatorquevirus
OZ258700.1_1,31,Alphatorquevirus
GU797360.1_1,31,Alphatorquevirus
OZ258719.1_1,31,Alphatorquevirus
OZ258742.1_1,31,Alphatorquevirus
LC385662.1_1,31,Alphatorquevirus
OZ258750.1_1,31,Alphatorquevirus
OZ258803.1_1,32,Alphatorquevirus
OZ258620.1_1,32,Alphatorquevirus
OZ258693.1_1,32,Alphatorquevirus
OZ258816.1_1,32,Alphatorquevirus
OZ258632.1_1,32,Alphatorquevirus
OZ258670.1_1,32,Alphatorquevirus
MN771074.1_1,2,Betatorquevirus
MN771486.1_1,2,Betatorquevirus
MN769401.1_1,2,Betatorquevirus
OZ258650.1_1,2,Betatorquevirus
MN769151.1_1,2,Betatorquevirus
MN770389.1_1,2,Betatorquevirus
MN769809.1_1,2,Betatorquevirus
MN770187.1_1,2,Betatorquevirus
MN770992.1_1,2,Betatorquevirus
MN769365.1_1,2,Betatorquevirus
MN769730.1_1,2,Betatorquevirus
MN769175.1_1,2,Betatorquevirus
MN771447.1_1,2,Betatorquevirus
MN769210.1_1,2,Betatorquevirus
MN769392.1_1,2,Betatorquevirus
MN769286.1_1,2,Betatorquevirus
MN771195.1_1,2,Betatorquevirus
MN769686.1_1,2,Betatorquevirus
AB026930.1_1,2,Betatorquevirus
AB026931.1_1,2,Betatorquevirus
MN769319.1_1,2,Betatorquevirus
MN769259.1_1,2,Betatorquevirus
MN769084.1_1,2,Betatorquevirus
MN769308.1_1,2,Betatorquevirus
OK574395.1_1,2,Betatorquevirus
MN771396.1_1,2,Betatorquevirus
MN770189.1_1,2,Betatorquevirus
MN770696.1_1,2,Betatorquevirus
MN769073.1_1,2,Betatorquevirus
MN771386.1_1,2,Betatorquevirus
MN771392.1_1,2,Betatorquevirus
MN770828.1_1,2,Betatorquevirus
MN771401.1_1,2,Betatorquevirus
MN770265.1_1,2,Betatorquevirus
MN771450.1_1,2,Betatorquevirus
MN769356.1_1,2,Betatorquevirus
MN770138.1_1,2,Betatorquevirus
MN769294.1_1,2,Betatorquevirus
MN769357.1_1,2,Betatorquevirus
MN769794.1_1,2,Betatorquevirus
MN769270.1_1,2,Betatorquevirus
MN769567.1_1,2,Betatorquevirus
MN769205.1_1,2,Betatorquevirus
MN771452.1_1,2,Betatorquevirus
MN770646.1_1,2,Betatorquevirus
MN771357.1_1,2,Betatorquevirus
MN769568.1_1,2,Betatorquevirus
KY462757.1_1,2,Betatorquevirus
KY462758.1_1,2,Betatorquevirus
MN770907.1_1,2,Betatorquevirus
MN769204.1_1,2,Betatorquevirus
MK212029.1_1,2,Betatorquevirus
MN770452.1_1,2,Betatorquevirus
MN770652.1_1,2,Betatorquevirus
MN770577.1_1,2,Betatorquevirus
MN770728.1_1,2,Betatorquevirus
MN769126.1_1,2,Betatorquevirus
MN770698.1_1,2,Betatorquevirus
MN770962.1_1,2,Betatorquevirus
MN770692.1_1,2,Betatorquevirus
MN769116.1_1,2,Betatorquevirus
OK574415.1_1,2,Betatorquevirus
OZ258713.1_1,2,Betatorquevirus
MN769383.1_1,2,Betatorquevirus
KU041847.1_1,2,Betatorquevirus
MN771051.1_1,2,Betatorquevirus
MN769463.1_1,2,Betatorquevirus
OK574411.1_1,2,Betatorquevirus
MN770146.1_1,2,Betatorquevirus
MN771261.1_1,2,Betatorquevirus
MN770552.1_1,2,Betatorquevirus
MN769569.1_1,2,Betatorquevirus
MN769252.1_1,2,Betatorquevirus
OR197588.1_1,2,Betatorquevirus
MN771061.1_1,2,Betatorquevirus
MN771102.1_1,2,Betatorquevirus
MN769070.1_1,2,Betatorquevirus
MN771351.1_1,2,Betatorquevirus
MN769556.1_1,2,Betatorquevirus
MN770277.1_1,2,Betatorquevirus
MN770526.1_1,2,Betatorquevirus
MN769144.1_1,2,Betatorquevirus
MN771055.1_1,2,Betatorquevirus
MN770937.1_1,2,Betatorquevirus
MN770789.1_1,2,Betatorquevirus
MN769223.1_1,2,Betatorquevirus
MN770703.1_1,2,Betatorquevirus
MN769437.1_1,2,Betatorquevirus
MN770405.1_1,2,Betatorquevirus
MN769665.1_1,2,Betatorquevirus
MN770812.1_1,2,Betatorquevirus
MN770827.1_1,2,Betatorquevirus
MN771141.1_1,2,Betatorquevirus
MN770132.1_1,2,Betatorquevirus
MN771406.1_1,2,Betatorquevirus
MN769438.1_1,2,Betatorquevirus
MN769602.1_1,2,Betatorquevirus
MN770148.1_1,2,Betatorquevirus
MN770600.1_1,2,Betatorquevirus
MN770714.1_1,2,Betatorquevirus
MN771315.1_1,2,Betatorquevirus
MN770684.1_1,2,Betatorquevirus
MN771468.1_1,2,Betatorquevirus
MN770072.1_1,2,Betatorquevirus
MN771072.1_1,2,Betatorquevirus
MN771080.1_1,2,Betatorquevirus
MN770598.1_1,2,Betatorquevirus
MN770209.1_1,2,Betatorquevirus
MN770963.1_1,2,Betatorquevirus
MN769416.1_1,2,Betatorquevirus
MN771038.1_1,2,Betatorquevirus
MN771039.1_1,2,Betatorquevirus
MN769309.1_1,2,Betatorquevirus
MH017563.1_1,2,Betatorquevirus
MN769796.1_1,2,Betatorquevirus
KU243129.1_1,2,Betatorquevirus
MN770885.1_1,2,Betatorquevirus
MN770318.1_1,2,Betatorquevirus
MN770811.1_1,2,Betatorquevirus
MN770034.1_1,2,Betatorquevirus
MN770535.1_1,2,Betatorquevirus
MN769790.1_1,2,Betatorquevirus
MN770500.1_1,2,Betatorquevirus
MN770109.1_1,2,Betatorquevirus
MN770395.1_1,2,Betatorquevirus
MN770513.1_1,2,Betatorquevirus
MN770567.1_1,2,Betatorquevirus
MN770478.1_1,2,Betatorquevirus
MN770486.1_1,2,Betatorquevirus
MN770560.1_1,2,Betatorquevirus
MN770031.1_1,2,Betatorquevirus
MN770108.1_1,2,Betatorquevirus
MN769235.1_1,2,Betatorquevirus
MN769924.1_1,3,Betatorquevirus
MN770266.1_1,3,Betatorquevirus
MN771409.1_1,3,Betatorquevirus
MN770249.1_1,3,Betatorquevirus
MN771057.1_1,3,Betatorquevirus
MN770243.1_1,3,Betatorquevirus
MN770259.1_1,3,Betatorquevirus
MN769976.1_1,3,Betatorquevirus
MN771171.1_1,3,Betatorquevirus
MN771375.1_1,3,Betatorquevirus
MN770129.1_1,3,Betatorquevirus
MN770516.1_1,3,Betatorquevirus
MN771432.1_1,3,Betatorquevirus
MN769178.1_1,3,Betatorquevirus
OZ258712.1_1,3,Betatorquevirus
MN771504.1_1,3,Betatorquevirus
MN770653.1_1,3,Betatorquevirus
MN771418.1_1,3,Betatorquevirus
MN770912.1_1,3,Betatorquevirus
MN770312.1_1,3,Betatorquevirus
MN770273.1_1,3,Betatorquevirus
MN770922.1_1,3,Betatorquevirus
MN771378.1_1,3,Betatorquevirus
MN769484.1_1,3,Betatorquevirus
MN769100.1_1,3,Betatorquevirus
MN770470.1_1,3,Betatorquevirus
MN769632.1_1,4,Betatorquevirus
MN770250.1_1,4,Betatorquevirus
MN770989.1_1,4,Betatorquevirus
MN770465.1_1,4,Betatorquevirus
MN770959.1_1,4,Betatorquevirus
MN771481.1_1,4,Betatorquevirus
MN769155.1_1,4,Betatorquevirus
MN771404.1_1,4,Betatorquevirus
MN770246.1_1,4,Betatorquevirus
MN770990.1_1,4,Betatorquevirus
JX134046.1_1,4,Betatorquevirus
MN771086.1_1,4,Betatorquevirus
MN771501.1_1,4,Betatorquevirus
MN771408.1_1,4,Betatorquevirus
MN769789.1_1,4,Betatorquevirus
MN769804.1_1,4,Betatorquevirus
MN770352.1_1,4,Betatorquevirus
MN769150.1_1,4,Betatorquevirus
MN771445.1_1,4,Betatorquevirus
MN769052.1_1,4,Betatorquevirus
MN771255.1_1,4,Betatorquevirus
MN769978.1_1,4,Betatorquevirus
MN770817.1_1,4,Betatorquevirus
MN770507.1_1,4,Betatorquevirus
MN770331.1_1,4,Betatorquevirus
MN770626.1_1,4,Betatorquevirus
MN769415.1_1,4,Betatorquevirus
MN769706.1_1,4,Betatorquevirus
MN769067.1_1,4,Betatorquevirus
MN770869.1_1,4,Betatorquevirus
MN770136.1_1,4,Betatorquevirus
MN770371.1_1,4,Betatorquevirus
MN770410.1_1,4,Betatorquevirus
MN770760.1_1,4,Betatorquevirus
MN769433.1_1,4,Betatorquevirus
MN771444.1_1,4,Betatorquevirus
MN769440.1_1,4,Betatorquevirus
MN770088.1_1,4,Betatorquevirus
MN770093.1_1,4,Betatorquevirus
MN770398.1_1,4,Betatorquevirus
MN770437.1_1,4,Betatorquevirus
MN769300.1_1,4,Betatorquevirus
MN769226.1_1,4,Betatorquevirus
MN769105.1_1,4,Betatorquevirus
MN769921.1_1,4,Betatorquevirus
MN769342.1_1,4,Betatorquevirus
MN769527.1_1,4,Betatorquevirus
MN769107.1_1,4,Betatorquevirus
MN769426.1_1,4,Betatorquevirus
MN769544.1_1,4,Betatorquevirus
MN769497.1_1,4,Betatorquevirus
MN769062.1_1,4,Betatorquevirus
MN769056.1_1,4,Betatorquevirus
MN770584.1_1,4,Betatorquevirus
MN769732.1_1,4,Betatorquevirus
MN769449.1_1,4,Betatorquevirus
MN769183.1_1,4,Betatorquevirus
OZ258770.1_1,4,Betatorquevirus
MN769659.1_1,4,Betatorquevirus
MN769398.1_1,4,Betatorquevirus
MN770030.1_1,5,Betatorquevirus
MN769549.1_1,5,Betatorquevirus
MN769641.1_1,5,Betatorquevirus
MN769702.1_1,5,Betatorquevirus
MN769169.1_1,5,Betatorquevirus
MN770411.1_1,5,Betatorquevirus
MN769780.1_1,5,Betatorquevirus
MN769040.1_1,5,Betatorquevirus
MN770719.1_1,5,Betatorquevirus
MN769994.1_1,5,Betatorquevirus
MN769162.1_1,5,Betatorquevirus
MN770049.1_1,5,Betatorquevirus
MN770994.1_1,5,Betatorquevirus
MN769238.1_1,5,Betatorquevirus
MN769533.1_1,5,Betatorquevirus
MN771170.1_1,5,Betatorquevirus
MN769507.1_1,5,Betatorquevirus
MN770601.1_1,5,Betatorquevirus
MN770866.1_1,5,Betatorquevirus
MN770683.1_1,5,Betatorquevirus
MN769292.1_1,5,Betatorquevirus
MN771367.1_1,5,Betatorquevirus
OK574414.1_1,5,Betatorquevirus
MN769682.1_1,5,Betatorquevirus
MN769034.1_1,5,Betatorquevirus
MN771289.1_1,5,Betatorquevirus
MN770682.1_1,5,Betatorquevirus
OZ258764.1_1,5,Betatorquevirus
OZ258793.1_1,5,Betatorquevirus
MN769211.1_1,5,Betatorquevirus
MN771362.1_1,5,Betatorquevirus
OZ258804.1_1,5,Betatorquevirus
MN770958.1_1,5,Betatorquevirus
MN770303.1_1,5,Betatorquevirus
MN769931.1_1,5,Betatorquevirus
MN769324.1_1,5,Betatorquevirus
MN770262.1_1,5,Betatorquevirus
MN769301.1_1,5,Betatorquevirus
MN771112.1_1,5,Betatorquevirus
MN769482.1_1,5,Betatorquevirus
MN770867.1_1,5,Betatorquevirus
MN771254.1_1,5,Betatorquevirus
MN770501.1_1,5,Betatorquevirus
MN770330.1_1,5,Betatorquevirus
AB026929.1_1,5,Betatorquevirus
MN770965.1_1,5,Betatorquevirus
MN770408.1_1,5,Betatorquevirus
MN770463.1_1,5,Betatorquevirus
MN771262.1_1,5,Betatorquevirus
MN770480.1_1,5,Betatorquevirus
MN771123.1_1,5,Betatorquevirus
MN769629.1_1,5,Betatorquevirus
MN770479.1_1,5,Betatorquevirus
MN769997.1_1,5,Betatorquevirus
MN769187.1_1,5,Betatorquevirus
MN770260.1_1,5,Betatorquevirus
MN770264.1_1,5,Betatorquevirus
MN769546.1_1,5,Betatorquevirus
MN771119.1_1,5,Betatorquevirus
MN771270.1_1,5,Betatorquevirus
MN770695.1_1,5,Betatorquevirus
MN770713.1_1,5,Betatorquevirus
OK574437.1_1,5,Betatorquevirus
MN771215.1_1,5,Betatorquevirus
MN770794.1_1,5,Betatorquevirus
MN771213.1_1,5,Betatorquevirus
MN771212.1_1,5,Betatorquevirus
MN770418.1_1,5,Betatorquevirus
MN770936.1_1,5,Betatorquevirus
MN770597.1_1,5,Betatorquevirus
MN769332.1_1,5,Betatorquevirus
MN769678.1_1,5,Betatorquevirus
MN769577.1_1,5,Betatorquevirus
MN769579.1_1,5,Betatorquevirus
MN770322.1_1,5,Betatorquevirus
MN769246.1_1,5,Betatorquevirus
MN770386.1_1,5,Betatorquevirus
MN770533.1_1,5,Betatorquevirus
MN771339.1_1,6,Betatorquevirus
MN771162.1_1,6,Betatorquevirus
MN771208.1_1,6,Betatorquevirus
MN769562.1_1,6,Betatorquevirus
MN770204.1_1,6,Betatorquevirus
MN770529.1_1,6,Betatorquevirus
MN770037.1_1,6,Betatorquevirus
MN771023.1_1,6,Betatorquevirus
MN771161.1_1,6,Betatorquevirus
MN770379.1_1,6,Betatorquevirus
MN769373.1_1,6,Betatorquevirus
MN769705.1_1,6,Betatorquevirus
MN769510.1_1,6,Betatorquevirus
MN769615.1_1,6,Betatorquevirus
MN769612.1_1,6,Betatorquevirus
MN771257.1_1,6,Betatorquevirus
MN771205.1_1,6,Betatorquevirus
MN769142.1_1,6,Betatorquevirus
MN771350.1_1,6,Betatorquevirus
MN769447.1_1,6,Betatorquevirus
MN770059.1_1,7,Betatorquevirus
MN769587.1_1,7,Betatorquevirus
MN769182.1_1,7,Betatorquevirus
MN770216.1_1,7,Betatorquevirus
MN770231.1_1,7,Betatorquevirus
MN770218.1_1,7,Betatorquevirus
MN770232.1_1,7,Betatorquevirus
MN770585.1_1,7,Betatorquevirus
MN769344.1_1,7,Betatorquevirus
MN769580.1_1,7,Betatorquevirus
MN771243.1_1,7,Betatorquevirus
MN770367.1_1,7,Betatorquevirus
OK574402.1_1,7,Betatorquevirus
MN770706.1_1,7,Betatorquevirus
MN770149.1_1,7,Betatorquevirus
MN770537.1_1,7,Betatorquevirus
MN771297.1_1,7,Betatorquevirus
MN771251.1_1,7,Betatorquevirus
MN770607.1_1,7,Betatorquevirus
MN769318.1_1,7,Betatorquevirus
MN769671.1_1,7,Betatorquevirus
MN769436.1_1,7,Betatorquevirus
MN770776.1_1,7,Betatorquevirus
MN769281.1_1,7,Betatorquevirus
MN769836.1_1,7,Betatorquevirus
MN769125.1_1,7,Betatorquevirus
MN770283.1_1,7,Betatorquevirus
MN771232.1_1,7,Betatorquevirus
MN771256.1_1,7,Betatorquevirus
MN770279.1_1,7,Betatorquevirus
MN769103.1_1,7,Betatorquevirus
MN770336.1_1,7,Betatorquevirus
KM259873.1_1,7,Betatorquevirus
MN770342.1_1,7,Betatorquevirus
MN771281.1_1,7,Betatorquevirus
MN770384.1_1,7,Betatorquevirus
MN770662.1_1,7,Betatorquevirus
MN769806.1_1,7,Betatorquevirus
MN770707.1_1,7,Betatorquevirus
MN771383.1_1,7,Betatorquevirus
MN769173.1_1,7,Betatorquevirus
MN771460.1_1,7,Betatorquevirus
AF291073.1_1,7,Betatorquevirus
MN771063.1_1,7,Betatorquevirus
MN771249.1_1,7,Betatorquevirus
MN770244.1_1,7,Betatorquevirus
MN769367.1_1,7,Betatorquevirus
MN769247.1_1,7,Betatorquevirus
MN770046.1_1,7,Betatorquevirus
MN769927.1_1,8,Betatorquevirus
MN771495.1_1,8,Betatorquevirus
MN770564.1_1,8,Betatorquevirus
MN771089.1_1,8,Betatorquevirus
MN770097.1_1,8,Betatorquevirus
MN769981.1_1,8,Betatorquevirus
MN770581.1_1,8,Betatorquevirus
MN769872.1_1,8,Betatorquevirus
MN769904.1_1,8,Betatorquevirus
MN770658.1_1,8,Betatorquevirus
MN770267.1_1,8,Betatorquevirus
MN770495.1_1,8,Betatorquevirus
MN769434.1_1,8,Betatorquevirus
MN769564.1_1,8,Betatorquevirus
MN771176.1_1,8,Betatorquevirus
MN770435.1_1,8,Betatorquevirus
MN770834.1_1,8,Betatorquevirus
MN769237.1_1,8,Betatorquevirus
MN769537.1_1,8,Betatorquevirus
MN769253.1_1,8,Betatorquevirus
MN769891.1_1,8,Betatorquevirus
MN769973.1_1,8,Betatorquevirus
MN769928.1_1,8,Betatorquevirus
MN770009.1_1,8,Betatorquevirus
MN771349.1_1,8,Betatorquevirus
MN771110.1_1,8,Betatorquevirus
MN770563.1_1,8,Betatorquevirus
MN770815.1_1,8,Betatorquevirus
MN771305.1_1,9,Betatorquevirus
MN769128.1_1,9,Betatorquevirus
OZ258716.1_1,9,Betatorquevirus
OZ258724.1_1,9,Betatorquevirus
MN769209.1_1,9,Betatorquevirus
OZ258728.1_1,9,Betatorquevirus
MN771376.1_1,9,Betatorquevirus
MN770468.1_1,9,Betatorquevirus
MN770875.1_1,9,Betatorquevirus
MN769940.1_1,9,Betatorquevirus
MN771499.1_1,9,Betatorquevirus
MN770075.1_1,9,Betatorquevirus
MN771387.1_1,9,Betatorquevirus
MN771042.1_1,9,Betatorquevirus
MN770239.1_1,9,Betatorquevirus
MN771239.1_1,9,Betatorquevirus
MN769862.1_1,9,Betatorquevirus
MN770214.1_1,9,Betatorquevirus
MN769304.1_1,9,Betatorquevirus
OZ258729.1_1,9,Betatorquevirus
MN771352.1_1,9,Betatorquevirus
MN771398.1_1,9,Betatorquevirus
MN770877.1_1,9,Betatorquevirus
MN771366.1_1,9,Betatorquevirus
MN771429.1_1,9,Betatorquevirus
MN770644.1_1,10,Betatorquevirus
MN769983.1_1,10,Betatorquevirus
MN770750.1_1,10,Betatorquevirus
MN771219.1_1,10,Betatorquevirus
MN771244.1_1,10,Betatorquevirus
MN771045.1_1,10,Betatorquevirus
MN770700.1_1,10,Betatorquevirus
MN771223.1_1,10,Betatorquevirus
MN770970.1_1,10,Betatorquevirus
MN771024.1_1,10,Betatorquevirus
MN771027.1_1,10,Betatorquevirus
MN770426.1_1,10,Betatorquevirus
MN770217.1_1,10,Betatorquevirus
MN769298.1_1,10,Betatorquevirus
MN770531.1_1,10,Betatorquevirus
MN770624.1_1,10,Betatorquevirus
MN770944.1_1,10,Betatorquevirus
MN769874.1_1,10,Betatorquevirus
MN769958.1_1,10,Betatorquevirus
MN769962.1_1,10,Betatorquevirus
MN770019.1_1,10,Betatorquevirus
OK574352.1_1,10,Betatorquevirus
MN770800.1_1,10,Betatorquevirus
MN770647.1_1,10,Betatorquevirus
MN770457.1_1,10,Betatorquevirus
MN770508.1_1,10,Betatorquevirus
MN770792.1_1,10,Betatorquevirus
MN770906.1_1,10,Betatorquevirus
MN770651.1_1,10,Betatorquevirus
MN769857.1_1,10,Betatorquevirus
MN769900.1_1,10,Betatorquevirus
MN769881.1_1,10,Betatorquevirus
MN769950.1_1,10,Betatorquevirus
MN769524.1_1,10,Betatorquevirus
MN769926.1_1,10,Betatorquevirus
OZ258775.1_1,10,Betatorquevirus
MN769863.1_1,10,Betatorquevirus
MN769930.1_1,10,Betatorquevirus
MN769887.1_1,10,Betatorquevirus
MK212030.1_1,10,Betatorquevirus
MN770347.1_1,10,Betatorquevirus
MN769901.1_1,10,Betatorquevirus
MN769855.1_1,10,Betatorquevirus
MN769850.1_1,10,Betatorquevirus
MN769911.1_1,10,Betatorquevirus
MN769854.1_1,10,Betatorquevirus
MN769852.1_1,10,Betatorquevirus
MN771158.1_1,10,Betatorquevirus
MN770125.1_1,10,Betatorquevirus
MN770673.1_1,10,Betatorquevirus
MN769876.1_1,10,Betatorquevirus
MN770425.1_1,10,Betatorquevirus
MN770614.1_1,10,Betatorquevirus
MN770663.1_1,10,Betatorquevirus
MN770801.1_1,10,Betatorquevirus
MN770357.1_1,10,Betatorquevirus
MN770396.1_1,10,Betatorquevirus
MN769967.1_1,10,Betatorquevirus
MN770733.1_1,10,Betatorquevirus
MN769918.1_1,10,Betatorquevirus
MN770464.1_1,10,Betatorquevirus
MN769991.1_1,10,Betatorquevirus
MN769842.1_1,10,Betatorquevirus
MN769905.1_1,10,Betatorquevirus
MN769910.1_1,10,Betatorquevirus
MN771428.1_1,10,Betatorquevirus
MN770485.1_1,10,Betatorquevirus
MN769849.1_1,10,Betatorquevirus
MN769480.1_1,10,Betatorquevirus
MN770177.1_1,10,Betatorquevirus
MN771059.1_1,10,Betatorquevirus
OK574383.1_1,10,Betatorquevirus
MN770374.1_1,10,Betatorquevirus
KY462770.1_1,10,Betatorquevirus
MN769969.1_1,10,Betatorquevirus
MN770017.1_1,10,Betatorquevirus
MN770002.1_1,10,Betatorquevirus
MN770154.1_1,10,Betatorquevirus
MN769860.1_1,10,Betatorquevirus
MN771514.1_1,10,Betatorquevirus
MN769832.1_1,10,Betatorquevirus
MN769522.1_1,10,Betatorquevirus
MN769998.1_1,10,Betatorquevirus
MN769746.1_1,10,Betatorquevirus
MN770783.1_1,10,Betatorquevirus
MN770181.1_1,10,Betatorquevirus
MN770502.1_1,10,Betatorquevirus
MN770123.1_1,10,Betatorquevirus
MN769402.1_1,11,Betatorquevirus
OZ258790.1_1,11,Betatorquevirus
MN770407.1_1,11,Betatorquevirus
MN771115.1_1,11,Betatorquevirus
MN770527.1_1,11,Betatorquevirus
MN769382.1_1,11,Betatorquevirus
MN771177.1_1,11,Betatorquevirus
MN770670.1_1,11,Betatorquevirus
MN770131.1_1,11,Betatorquevirus
MN770063.1_1,11,Betatorquevirus
MN769583.1_1,11,Betatorquevirus
MN769586.1_1,11,Betatorquevirus
MN770282.1_1,11,Betatorquevirus
MN770844.1_1,11,Betatorquevirus
MN770456.1_1,11,Betatorquevirus
MN769560.1_1,11,Betatorquevirus
MN770515.1_1,11,Betatorquevirus
MN769599.1_1,11,Betatorquevirus
MN770320.1_1,11,Betatorquevirus
MN769110.1_1,11,Betatorquevirus
MN769461.1_1,11,Betatorquevirus
MN769694.1_1,11,Betatorquevirus
MN771081.1_1,11,Betatorquevirus
MN769428.1_1,11,Betatorquevirus
AB041962.1_1,11,Betatorquevirus
MN770393.1_1,11,Betatorquevirus
MN770170.1_1,11,Betatorquevirus
JX134045.1_1,11,Betatorquevirus
MN771168.1_1,11,Betatorquevirus
MN769818.1_1,11,Betatorquevirus
MN769042.1_1,11,Betatorquevirus
MN769046.1_1,11,Betatorquevirus
MN769171.1_1,11,Betatorquevirus
MN769311.1_1,11,Betatorquevirus
MN769837.1_1,11,Betatorquevirus
MN770781.1_1,11,Betatorquevirus
MK212031.1_1,11,Betatorquevirus
MN770543.1_1,11,Betatorquevirus
MN769409.1_1,11,Betatorquevirus
MN770915.1_1,11,Betatorquevirus
MN770459.1_1,11,Betatorquevirus
MN770056.1_1,11,Betatorquevirus
MN769554.1_1,11,Betatorquevirus
MN769181.1_1,11,Betatorquevirus
MN771453.1_1,11,Betatorquevirus
MN770908.1_1,11,Betatorquevirus
MN770556.1_1,11,Betatorquevirus
MN769585.1_1,11,Betatorquevirus
MN771108.1_1,11,Betatorquevirus
MN770297.1_1,11,Betatorquevirus
MN769395.1_1,11,Betatorquevirus
OZ258737.1_1,12,Betatorquevirus
MN769515.1_1,12,Betatorquevirus
MN769663.1_1,12,Betatorquevirus
MN771180.1_1,12,Betatorquevirus
MN770770.1_1,12,Betatorquevirus
MN770060.1_1,12,Betatorquevirus
OZ258797.1_1,12,Betatorquevirus
MN769828.1_1,12,Betatorquevirus
MN769925.1_1,12,Betatorquevirus
MN770849.1_1,12,Betatorquevirus
MH017556.1_1,12,Betatorquevirus
MN769407.1_1,12,Betatorquevirus
MN770403.1_1,12,Betatorquevirus
MN769340.1_1,12,Betatorquevirus
MN770382.1_1,12,Betatorquevirus
MN770349.1_1,12,Betatorquevirus
MN770913.1_1,12,Betatorquevirus
MN769519.1_1,12,Betatorquevirus
MN770333.1_1,12,Betatorquevirus
MN769118.1_1,12,Betatorquevirus
MN770341.1_1,12,Betatorquevirus
MN770623.1_1,12,Betatorquevirus
MN770813.1_1,12,Betatorquevirus
MN770293.1_1,12,Betatorquevirus
MN769658.1_1,12,Betatorquevirus
MN770360.1_1,12,Betatorquevirus
MN770753.1_1,12,Betatorquevirus
MN769418.1_1,12,Betatorquevirus
MN769224.1_1,12,Betatorquevirus
MN770863.1_1,12,Betatorquevirus
MN771416.1_1,12,Betatorquevirus
MN770476.1_1,12,Betatorquevirus
MN770359.1_1,12,Betatorquevirus
MN769888.1_1,12,Betatorquevirus
MN770650.1_1,12,Betatorquevirus
MN770161.1_1,12,Betatorquevirus
MN770758.1_1,12,Betatorquevirus
MN770697.1_1,12,Betatorquevirus
MN771153.1_1,12,Betatorquevirus
MN769459.1_1,12,Betatorquevirus
MN769143.1_1,12,Betatorquevirus
MN769241.1_1,12,Betatorquevirus
OZ258731.1_1,12,Betatorquevirus
MN769939.1_1,12,Betatorquevirus
MN770786.1_1,12,Betatorquevirus
MN769597.1_1,12,Betatorquevirus
MN770421.1_1,12,Betatorquevirus
MN769350.1_1,12,Betatorquevirus
MN769584.1_1,12,Betatorquevirus
MN769558.1_1,12,Betatorquevirus
MN769598.1_1,12,Betatorquevirus
MN770307.1_1,12,Betatorquevirus
MN770051.1_1,12,Betatorquevirus
MN769323.1_1,12,Betatorquevirus
MN769096.1_1,12,Betatorquevirus
MN770856.1_1,12,Betatorquevirus
MN770525.1_1,12,Betatorquevirus
MN769639.1_1,12,Betatorquevirus
MN769793.1_1,13,Betatorquevirus
MN769566.1_1,13,Betatorquevirus
MN770401.1_1,13,Betatorquevirus
MN770416.1_1,13,Betatorquevirus
MN770853.1_1,13,Betatorquevirus
MN770077.1_1,13,Betatorquevirus
OZ258751.1_1,13,Betatorquevirus
MN771156.1_1,13,Betatorquevirus
MN771166.1_1,13,Betatorquevirus
MN769525.1_1,13,Betatorquevirus
MN769785.1_1,13,Betatorquevirus
MN769058.1_1,13,Betatorquevirus
MN771443.1_1,13,Betatorquevirus
MN771135.1_1,13,Betatorquevirus
MN769221.1_1,13,Betatorquevirus
MN771009.1_1,13,Betatorquevirus
MN770632.1_1,13,Betatorquevirus
MN770559.1_1,13,Betatorquevirus
MN770890.1_1,14,Betatorquevirus
MN770179.1_1,14,Betatorquevirus
MN769903.1_1,14,Betatorquevirus
MN769914.1_1,14,Betatorquevirus
MN770252.1_1,14,Betatorquevirus
MN770383.1_1,14,Betatorquevirus
MN769972.1_1,14,Betatorquevirus
MN771319.1_1,14,Betatorquevirus
MN771322.1_1,14,Betatorquevirus
MN771048.1_1,14,Betatorquevirus
MN770112.1_1,14,Betatorquevirus
MN769867.1_1,14,Betatorquevirus
MN771316.1_1,14,Betatorquevirus
MN771067.1_1,14,Betatorquevirus
MN769985.1_1,14,Betatorquevirus
MN771326.1_1,14,Betatorquevirus
MN771333.1_1,14,Betatorquevirus
MN770702.1_1,14,Betatorquevirus
MN770202.1_1,14,Betatorquevirus
MN769882.1_1,14,Betatorquevirus
MN769966.1_1,14,Betatorquevirus
MN770199.1_1,14,Betatorquevirus
MN769968.1_1,14,Betatorquevirus
MN770896.1_1,14,Betatorquevirus
MN770185.1_1,14,Betatorquevirus
MN769403.1_1,14,Betatorquevirus
MN769457.1_1,14,Betatorquevirus
MN770302.1_1,14,Betatorquevirus
MN770305.1_1,14,Betatorquevirus
KY856742.1_1,14,Betatorquevirus
MN770659.1_1,14,Betatorquevirus
MN769454.1_1,14,Betatorquevirus
MN769380.1_1,14,Betatorquevirus
MN769348.1_1,14,Betatorquevirus
MN771329.1_1,14,Betatorquevirus
MN770080.1_1,14,Betatorquevirus
MN769231.1_1,14,Betatorquevirus
MN769442.1_1,14,Betatorquevirus
MN769513.1_1,14,Betatorquevirus
MN769864.1_1,14,Betatorquevirus
MN770795.1_1,13,Betatorquevirus
MN769087.1_1,13,Betatorquevirus
MN770740.1_1,13,Betatorquevirus
MN770711.1_1,13,Betatorquevirus
MN769684.1_1,13,Betatorquevirus
MN769149.1_1,13,Betatorquevirus
MN769037.1_1,13,Betatorquevirus
MN769257.1_1,13,Betatorquevirus
MN769158.1_1,13,Betatorquevirus
MN770717.1_1,15,Betatorquevirus
MN770973.1_1,15,Betatorquevirus
MN769376.1_1,15,Betatorquevirus
MN769501.1_1,15,Betatorquevirus
MN770119.1_1,15,Betatorquevirus
MN771304.1_1,15,Betatorquevirus
MN769082.1_1,15,Betatorquevirus
MN769838.1_1,15,Betatorquevirus
MN771006.1_1,15,Betatorquevirus
MN771083.1_1,15,Betatorquevirus
MN769523.1_1,15,Betatorquevirus
MN770782.1_1,15,Betatorquevirus
MN771169.1_1,15,Betatorquevirus
MN770469.1_1,15,Betatorquevirus
MN769353.1_1,15,Betatorquevirus
MN770966.1_1,15,Betatorquevirus
MN769427.1_1,15,Betatorquevirus
MN770351.1_1,15,Betatorquevirus
MN770317.1_1,15,Betatorquevirus
MN769543.1_1,15,Betatorquevirus
MN769738.1_1,15,Betatorquevirus
MN769565.1_1,15,Betatorquevirus
MN769617.1_1,15,Betatorquevirus
MN769074.1_1,15,Betatorquevirus
MN769273.1_1,15,Betatorquevirus
MN769330.1_1,15,Betatorquevirus
MN770420.1_1,15,Betatorquevirus
MN770422.1_1,15,Betatorquevirus
MN770809.1_1,15,Betatorquevirus
MN770914.1_1,15,Betatorquevirus
MN769667.1_1,15,Betatorquevirus
MN769032.1_1,15,Betatorquevirus
MN769108.1_1,15,Betatorquevirus
MN769214.1_1,15,Betatorquevirus
MN770503.1_1,15,Betatorquevirus
KF764701.1_1,15,Betatorquevirus
MN770332.1_1,15,Betatorquevirus
MN769359.1_1,15,Betatorquevirus
MN769207.1_1,15,Betatorquevirus
OZ258741.1_1,15,Betatorquevirus
MN770814.1_1,15,Betatorquevirus
MN770836.1_1,15,Betatorquevirus
MN771056.1_1,15,Betatorquevirus
MN771173.1_1,15,Betatorquevirus
MN770053.1_1,15,Betatorquevirus
MN769472.1_1,15,Betatorquevirus
MN769233.1_1,15,Betatorquevirus
MN769772.1_1,15,Betatorquevirus
MN769028.1_1,15,Betatorquevirus
MN769264.1_1,15,Betatorquevirus
MN771371.1_1,16,Betatorquevirus
MN770484.1_1,16,Betatorquevirus
MN769363.1_1,16,Betatorquevirus
MN770064.1_1,16,Betatorquevirus
MN769314.1_1,16,Betatorquevirus
MN769384.1_1,16,Betatorquevirus
MN770919.1_1,16,Betatorquevirus
MN769055.1_1,16,Betatorquevirus
MN771423.1_1,16,Betatorquevirus
MN770660.1_1,16,Betatorquevirus
MN769716.1_1,16,Betatorquevirus
MN771098.1_1,16,Betatorquevirus
MN770143.1_1,16,Betatorquevirus
MN769633.1_1,16,Betatorquevirus
MN771104.1_1,16,Betatorquevirus
MN771150.1_1,16,Betatorquevirus
MN771068.1_1,16,Betatorquevirus
MN769033.1_1,16,Betatorquevirus
KM259874.1_1,16,Betatorquevirus
MN771144.1_1,16,Betatorquevirus
MN770778.1_1,16,Betatorquevirus
MN769805.1_1,16,Betatorquevirus
MN769335.1_1,16,Betatorquevirus
MN769465.1_1,16,Betatorquevirus
MN769747.1_1,16,Betatorquevirus
MN769506.1_1,16,Betatorquevirus
MN771199.1_1,16,Betatorquevirus
MN770538.1_1,16,Betatorquevirus
MN769166.1_1,16,Betatorquevirus
MN769135.1_1,16,Betatorquevirus
MN771111.1_1,16,Betatorquevirus
MN770419.1_1,16,Betatorquevirus
MN770078.1_1,16,Betatorquevirus
OZ258769.1_1,16,Betatorquevirus
MN770087.1_1,16,Betatorquevirus
MN769351.1_1,16,Betatorquevirus
MN769721.1_1,16,Betatorquevirus
OZ258807.1_1,16,Betatorquevirus
MN770011.1_1,16,Betatorquevirus
MN770338.1_1,16,Betatorquevirus
MN770788.1_1,16,Betatorquevirus
MN771043.1_1,16,Betatorquevirus
MN769690.1_1,16,Betatorquevirus
MN770610.1_1,16,Betatorquevirus
MN770649.1_1,16,Betatorquevirus
OZ258761.1_1,16,Betatorquevirus
MN771183.1_1,16,Betatorquevirus
MN770631.1_1,16,Betatorquevirus
MN769244.1_1,16,Betatorquevirus
MN769470.1_1,16,Betatorquevirus
MN769627.1_1,16,Betatorquevirus
MN769722.1_1,16,Betatorquevirus
MN769625.1_1,16,Betatorquevirus
MT783403.1_1,16,Betatorquevirus
MN769303.1_1,16,Betatorquevirus
MN770790.1_1,16,Betatorquevirus
MN770024.1_1,16,Betatorquevirus
MN769692.1_1,16,Betatorquevirus
MN769136.1_1,16,Betatorquevirus
OZ258778.1_1,16,Betatorquevirus
MN770193.1_1,16,Betatorquevirus
MN769188.1_1,16,Betatorquevirus
MN769076.1_1,16,Betatorquevirus
MN769041.1_1,16,Betatorquevirus
MN769124.1_1,16,Betatorquevirus
MN769057.1_1,16,Betatorquevirus
MN769059.1_1,16,Betatorquevirus
MN771360.1_1,16,Betatorquevirus
MK139485.1_1,16,Betatorquevirus
MN770928.1_1,16,Betatorquevirus
MN769559.1_1,16,Betatorquevirus
MN770145.1_1,16,Betatorquevirus
MN769283.1_1,16,Betatorquevirus
MN770323.1_1,16,Betatorquevirus
MN770413.1_1,16,Betatorquevirus
MN769369.1_1,16,Betatorquevirus
MN769589.1_1,16,Betatorquevirus
JX134044.1_1,16,Betatorquevirus
MN769676.1_1,16,Betatorquevirus
MN769734.1_1,16,Betatorquevirus
MN769051.1_1,16,Betatorquevirus
MN769492.1_1,16,Betatorquevirus
MN769189.1_1,16,Betatorquevirus
MN770324.1_1,16,Betatorquevirus
MN769089.1_1,16,Betatorquevirus
MN770062.1_1,16,Betatorquevirus
MN770590.1_1,16,Betatorquevirus
MN771154.1_1,16,Betatorquevirus
MN769106.1_1,13,Betatorquevirus
MN771500.1_1,13,Betatorquevirus
MN769206.1_1,13,Betatorquevirus
MN769346.1_1,13,Betatorquevirus
MN769614.1_1,13,Betatorquevirus
MN771159.1_1,13,Betatorquevirus
MN770779.1_1,13,Betatorquevirus
MN769358.1_1,13,Betatorquevirus
MN770153.1_1,13,Betatorquevirus
MN770285.1_1,13,Betatorquevirus
MN770301.1_1,13,Betatorquevirus
MN770514.1_1,13,Betatorquevirus
MH017548.1_1,13,Betatorquevirus
MH017554.1_1,13,Betatorquevirus
MN771395.1_1,13,Betatorquevirus
MN770998.1_1,13,Betatorquevirus
MN771133.1_1,13,Betatorquevirus
MN769405.1_1,13,Betatorquevirus
MN769410.1_1,13,Betatorquevirus
MN770366.1_1,13,Betatorquevirus
MN769104.1_1,13,Betatorquevirus
MN769256.1_1,13,Betatorquevirus
MN771282.1_1,13,Betatorquevirus
MN771276.1_1,13,Betatorquevirus
MN770105.1_1,13,Betatorquevirus
MN769289.1_1,13,Betatorquevirus
MN769608.1_1,13,Betatorquevirus
MN770865.1_1,13,Betatorquevirus
MN769923.1_1,13,Betatorquevirus
MN769858.1_1,13,Betatorquevirus
MN769840.1_1,13,Betatorquevirus
MN770334.1_1,13,Betatorquevirus
MN770015.1_1,13,Betatorquevirus
MN770028.1_1,13,Betatorquevirus
MN769576.1_1,13,Betatorquevirus
MN769801.1_1,13,Betatorquevirus
MN769180.1_1,17,Betatorquevirus
MN770362.1_1,17,Betatorquevirus
MN771087.1_1,17,Betatorquevirus
MN769739.1_1,17,Betatorquevirus
OK574422.1_1,17,Betatorquevirus
MN770519.1_1,17,Betatorquevirus
MN770350.1_1,17,Betatorquevirus
MN770864.1_1,17,Betatorquevirus
MN770364.1_1,17,Betatorquevirus
OK574439.1_1,17,Betatorquevirus
MN770554.1_1,17,Betatorquevirus
MN771310.1_1,17,Betatorquevirus
MN770569.1_1,17,Betatorquevirus
MN770876.1_1,17,Betatorquevirus
MN770737.1_1,17,Betatorquevirus
MN770337.1_1,17,Betatorquevirus
MN770361.1_1,17,Betatorquevirus
MN770701.1_1,17,Betatorquevirus
MN770848.1_1,17,Betatorquevirus
MN770555.1_1,17,Betatorquevirus
MN770602.1_1,17,Betatorquevirus
MN770174.1_1,17,Betatorquevirus
MN770905.1_1,17,Betatorquevirus
MN770415.1_1,17,Betatorquevirus
MN769993.1_1,17,Betatorquevirus
MN769337.1_1,17,Betatorquevirus
MN770894.1_1,17,Betatorquevirus
MN770995.1_1,17,Betatorquevirus
MN770895.1_1,17,Betatorquevirus
MN770375.1_1,17,Betatorquevirus
MN770191.1_1,17,Betatorquevirus
MN769782.1_1,17,Betatorquevirus
MN769269.1_1,17,Betatorquevirus
MN769540.1_1,17,Betatorquevirus
MN769563.1_1,17,Betatorquevirus
MN769545.1_1,17,Betatorquevirus
MN770823.1_1,17,Betatorquevirus
MN769453.1_1,17,Betatorquevirus
MN769333.1_1,17,Betatorquevirus
MN769824.1_1,17,Betatorquevirus
MN771294.1_1,17,Betatorquevirus
MN770390.1_1,17,Betatorquevirus
MN771426.1_1,17,Betatorquevirus
MN769455.1_1,17,Betatorquevirus
MN769621.1_1,17,Betatorquevirus
MN769190.1_1,17,Betatorquevirus
MN769451.1_1,17,Betatorquevirus
MN769611.1_1,17,Betatorquevirus
MN771163.1_1,17,Betatorquevirus
MN769258.1_1,17,Betatorquevirus
MN770447.1_1,17,Betatorquevirus
MN769661.1_1,17,Betatorquevirus
MN769476.1_1,17,Betatorquevirus
MN769662.1_1,17,Betatorquevirus
MN769186.1_1,17,Betatorquevirus
MN769154.1_1,17,Betatorquevirus
MN769177.1_1,17,Betatorquevirus
MN771455.1_1,17,Betatorquevirus
MN770050.1_1,17,Betatorquevirus
MN770106.1_1,17,Betatorquevirus
MN769450.1_1,17,Betatorquevirus
MN769185.1_1,17,Betatorquevirus
MN769320.1_1,17,Betatorquevirus
MN770355.1_1,17,Betatorquevirus
MN769068.1_1,17,Betatorquevirus
MN770164.1_1,17,Betatorquevirus
MN770589.1_1,17,Betatorquevirus
MN770101.1_1,17,Betatorquevirus
MN770993.1_1,17,Betatorquevirus
MN771419.1_1,17,Betatorquevirus
MN771246.1_1,17,Betatorquevirus
OK574388.1_1,17,Betatorquevirus
MN770859.1_1,17,Betatorquevirus
MN771425.1_1,17,Betatorquevirus
MN771464.1_1,17,Betatorquevirus
MN771077.1_1,17,Betatorquevirus
MN769265.1_1,17,Betatorquevirus
MN771505.1_1,17,Betatorquevirus
MN769650.1_1,17,Betatorquevirus
MN769977.1_1,18,Betatorquevirus
MN769605.1_1,18,Betatorquevirus
MN770045.1_1,18,Betatorquevirus
MN770603.1_1,18,Betatorquevirus
OZ258739.1_1,18,Betatorquevirus
MN771268.1_1,18,Betatorquevirus
MN771355.1_1,18,Betatorquevirus
MN769550.1_1,18,Betatorquevirus
MN770656.1_1,18,Betatorquevirus
MN771269.1_1,18,Betatorquevirus
MN769774.1_1,18,Betatorquevirus
MN769083.1_1,18,Betatorquevirus
MN771145.1_1,18,Betatorquevirus
MN770558.1_1,18,Betatorquevirus
KX810064.1_1,18,Betatorquevirus
MN771265.1_1,18,Betatorquevirus
MN769293.1_1,18,Betatorquevirus
MN771421.1_1,18,Betatorquevirus
MN770346.1_1,18,Betatorquevirus
MN770957.1_1,18,Betatorquevirus
MN771070.1_1,18,Betatorquevirus
MN771348.1_1,18,Betatorquevirus
MN769159.1_1,18,Betatorquevirus
MN771374.1_1,18,Betatorquevirus
MN770378.1_1,18,Betatorquevirus
MN769974.1_1,18,Betatorquevirus
MN769535.1_1,18,Betatorquevirus
MN770672.1_1,18,Betatorquevirus
MN770725.1_1,18,Betatorquevirus
MN771137.1_1,19,Betatorquevirus
MN770406.1_1,19,Betatorquevirus
OK574418.1_1,19,Betatorquevirus
MN771041.1_1,19,Betatorquevirus
MN771097.1_1,19,Betatorquevirus
MN770335.1_1,19,Betatorquevirus
MN769954.1_1,19,Betatorquevirus
MN769386.1_1,19,Betatorquevirus
MN769446.1_1,19,Betatorquevirus
MN770627.1_1,19,Betatorquevirus
MN769355.1_1,19,Betatorquevirus
MN770710.1_1,19,Betatorquevirus
OK574443.1_1,19,Betatorquevirus
MN770104.1_1,19,Betatorquevirus
MN771438.1_1,19,Betatorquevirus
MN771470.1_1,19,Betatorquevirus
MN770134.1_1,19,Betatorquevirus
MN770133.1_1,19,Betatorquevirus
MN769971.1_1,19,Betatorquevirus
MN769260.1_1,19,Betatorquevirus
MN770687.1_1,19,Betatorquevirus
MN770544.1_1,19,Betatorquevirus
MN770353.1_1,19,Betatorquevirus
NC_038346.1_1,19,Betatorquevirus
OK574428.1_1,19,Betatorquevirus
MN771471.1_1,19,Betatorquevirus
MN770889.1_1,19,Betatorquevirus
MN769886.1_1,19,Betatorquevirus
MN771415.1_1,19,Betatorquevirus
MN770118.1_1,19,Betatorquevirus
MN771465.1_1,19,Betatorquevirus
MN771365.1_1,19,Betatorquevirus
MN769071.1_1,19,Betatorquevirus
MN769797.1_1,19,Betatorquevirus
MN770565.1_1,19,Betatorquevirus
MN769618.1_1,19,Betatorquevirus
MN770067.1_1,19,Betatorquevirus
MN770901.1_1,19,Betatorquevirus
MN769651.1_1,19,Betatorquevirus
MN770808.1_1,20,Betatorquevirus
MN769200.1_1,20,Betatorquevirus
MN770511.1_1,20,Betatorquevirus
OK574370.1_1,20,Betatorquevirus
MN771457.1_1,20,Betatorquevirus
MN769441.1_1,20,Betatorquevirus
MN771472.1_1,20,Betatorquevirus
MN769561.1_1,20,Betatorquevirus
MN769153.1_1,20,Betatorquevirus
OK574412.1_1,20,Betatorquevirus
MN770040.1_1,20,Betatorquevirus
MN769336.1_1,20,Betatorquevirus
MN771410.1_1,20,Betatorquevirus
MN769325.1_1,20,Betatorquevirus
MN769695.1_1,20,Betatorquevirus
MN771359.1_1,20,Betatorquevirus
MN771405.1_1,20,Betatorquevirus
MN769802.1_1,20,Betatorquevirus
MN771511.1_1,20,Betatorquevirus
MN770862.1_1,20,Betatorquevirus
MN770124.1_1,20,Betatorquevirus
MN769123.1_1,20,Betatorquevirus
MN771139.1_1,20,Betatorquevirus
MN769212.1_1,20,Betatorquevirus
MN769349.1_1,20,Betatorquevirus
MN769425.1_1,20,Betatorquevirus
MN769044.1_1,20,Betatorquevirus
MN769266.1_1,20,Betatorquevirus
OK574394.1_1,20,Betatorquevirus
MN769680.1_1,20,Betatorquevirus
MN771181.1_1,20,Betatorquevirus
MN770483.1_1,20,Betatorquevirus
MN770732.1_1,20,Betatorquevirus
MN769219.1_1,20,Betatorquevirus
OK574434.1_1,20,Betatorquevirus
MN769788.1_1,20,Betatorquevirus
OZ258809.1_1,20,Betatorquevirus
MN770490.1_1,20,Betatorquevirus
MN771228.1_1,20,Betatorquevirus
MN769508.1_1,20,Betatorquevirus
MN771345.1_1,20,Betatorquevirus
MN771273.1_1,20,Betatorquevirus
MN771066.1_1,20,Betatorquevirus
MN770532.1_1,20,Betatorquevirus
OZ258725.1_1,20,Betatorquevirus
MN771106.1_1,20,Betatorquevirus
MN771120.1_1,20,Betatorquevirus
MN770630.1_1,20,Betatorquevirus
MN769616.1_1,20,Betatorquevirus
OZ258747.1_1,20,Betatorquevirus
MN770190.1_1,20,Betatorquevirus
MN769630.1_1,20,Betatorquevirus
MN769060.1_1,20,Betatorquevirus
MN771231.1_1,20,Betatorquevirus
MN769460.1_1,20,Betatorquevirus
MN770213.1_1,20,Betatorquevirus
MN771136.1_1,20,Betatorquevirus
MN770451.1_1,20,Betatorquevirus
MN770983.1_1,20,Betatorquevirus
MN770196.1_1,20,Betatorquevirus
MN769404.1_1,20,Betatorquevirus
MN769748.1_1,20,Betatorquevirus
MN769191.1_1,20,Betatorquevirus
MN769475.1_1,20,Betatorquevirus
OZ258697.1_1,20,Betatorquevirus
MN769201.1_1,20,Betatorquevirus
MN770103.1_1,20,Betatorquevirus
MN769390.1_1,20,Betatorquevirus
MN769035.1_1,20,Betatorquevirus
MN769600.1_1,20,Betatorquevirus
OK574363.1_1,20,Betatorquevirus
OK574387.1_1,20,Betatorquevirus
MN771311.1_1,20,Betatorquevirus
MN771092.1_1,20,Betatorquevirus
MN769414.1_1,20,Betatorquevirus
MN771253.1_1,20,Betatorquevirus
MN770345.1_1,20,Betatorquevirus
MN769448.1_1,20,Betatorquevirus
MN769670.1_1,20,Betatorquevirus
MN769763.1_1,20,Betatorquevirus
MN769321.1_1,20,Betatorquevirus
MN769027.1_1,20,Betatorquevirus
MN769711.1_1,20,Betatorquevirus
MN769137.1_1,20,Betatorquevirus
MN769768.1_1,20,Betatorquevirus
MN771151.1_1,20,Betatorquevirus
MN769282.1_1,20,Betatorquevirus
MN769147.1_1,20,Betatorquevirus
MN770489.1_1,20,Betatorquevirus
OZ258748.1_1,20,Betatorquevirus
MN770622.1_1,20,Betatorquevirus
MN770541.1_1,20,Betatorquevirus
MN771093.1_1,20,Betatorquevirus
MN770860.1_1,20,Betatorquevirus
MN770201.1_1,20,Betatorquevirus
OK574405.1_1,20,Betatorquevirus
MN770238.1_1,20,Betatorquevirus
MN770172.1_1,20,Betatorquevirus
MN770147.1_1,20,Betatorquevirus
MN770137.1_1,20,Betatorquevirus
MN770140.1_1,20,Betatorquevirus
MN770920.1_1,20,Betatorquevirus
MN771312.1_1,20,Betatorquevirus
MN771263.1_1,20,Betatorquevirus
MN770111.1_1,20,Betatorquevirus
OK574350.1_1,20,Betatorquevirus
MN769329.1_1,21,Betatorquevirus
MN769389.1_1,21,Betatorquevirus
MN769131.1_1,21,Betatorquevirus
MN770094.1_1,21,Betatorquevirus
MN770122.1_1,21,Betatorquevirus
OK574421.1_1,21,Betatorquevirus
MN770069.1_1,21,Betatorquevirus
MN770918.1_1,21,Betatorquevirus
MN769412.1_1,21,Betatorquevirus
MN769773.1_1,21,Betatorquevirus
MN771016.1_1,21,Betatorquevirus
MN770520.1_1,21,Betatorquevirus
MN770736.1_1,21,Betatorquevirus
MN770005.1_1,21,Betatorquevirus
MN770861.1_1,21,Betatorquevirus
MN770593.1_1,21,Betatorquevirus
MN769432.1_1,21,Betatorquevirus
MN769464.1_1,21,Betatorquevirus
NC_038345.1_1,21,Betatorquevirus
MN770234.1_1,21,Betatorquevirus
MN770546.1_1,21,Betatorquevirus
OK574410.1_1,21,Betatorquevirus
MN770685.1_1,21,Betatorquevirus
MN771299.1_1,21,Betatorquevirus
MN769573.1_1,21,Betatorquevirus
MN769500.1_1,21,Betatorquevirus
MN769581.1_1,21,Betatorquevirus
OZ258753.1_1,21,Betatorquevirus
MN770708.1_1,21,Betatorquevirus
MN769749.1_1,21,Betatorquevirus
MN770986.1_1,21,Betatorquevirus
MN771134.1_1,21,Betatorquevirus
MN770220.1_1,21,Betatorquevirus
MN771140.1_1,21,Betatorquevirus
MN770308.1_1,21,Betatorquevirus
MN770328.1_1,21,Betatorquevirus
MN769642.1_1,21,Betatorquevirus
MN769372.1_1,21,Betatorquevirus
MN769733.1_1,21,Betatorquevirus
MN770904.1_1,21,Betatorquevirus
MN769606.1_1,21,Betatorquevirus
MN769466.1_1,21,Betatorquevirus
MN769172.1_1,21,Betatorquevirus
MN770168.1_1,21,Betatorquevirus
MN769347.1_1,21,Betatorquevirus
MN771400.1_1,19,Betatorquevirus
MN770608.1_1,19,Betatorquevirus
MN770724.1_1,19,Betatorquevirus
MN770026.1_1,19,Betatorquevirus
MN770466.1_1,19,Betatorquevirus
MN770671.1_1,19,Betatorquevirus
OZ258721.1_1,22,Betatorquevirus
MN770579.1_1,22,Betatorquevirus
MN771044.1_1,22,Betatorquevirus
MN769890.1_1,22,Betatorquevirus
MN770888.1_1,22,Betatorquevirus
MN770184.1_1,22,Betatorquevirus
MN770081.1_1,22,Betatorquevirus
MN769541.1_1,22,Betatorquevirus
MN769112.1_1,22,Betatorquevirus
MN770036.1_1,22,Betatorquevirus
MN769596.1_1,22,Betatorquevirus
MN769542.1_1,22,Betatorquevirus
MN769045.1_1,22,Betatorquevirus
MN771370.1_1,22,Betatorquevirus
MN771017.1_1,22,Betatorquevirus
MN770128.1_1,22,Betatorquevirus
MN770617.1_1,22,Betatorquevirus
MN770748.1_1,22,Betatorquevirus
MN770044.1_1,22,Betatorquevirus
MN770082.1_1,22,Betatorquevirus
MN770160.1_1,22,Betatorquevirus
MN770821.1_1,22,Betatorquevirus
MN770127.1_1,22,Betatorquevirus
MN770868.1_1,22,Betatorquevirus
MN769192.1_1,22,Betatorquevirus
OZ258798.1_1,22,Betatorquevirus
MN770227.1_1,22,Betatorquevirus
MN771461.1_1,22,Betatorquevirus
MN770114.1_1,22,Betatorquevirus
OK574427.1_1,23,Betatorquevirus
MN770475.1_1,23,Betatorquevirus
MN769574.1_1,23,Betatorquevirus
MN770235.1_1,23,Betatorquevirus
MN771300.1_1,23,Betatorquevirus
MN770458.1_1,23,Betatorquevirus
MN770236.1_1,23,Betatorquevirus
MN771221.1_1,23,Betatorquevirus
MN771238.1_1,23,Betatorquevirus
MN771030.1_1,23,Betatorquevirus
MN769202.1_1,23,Betatorquevirus
MN769917.1_1,23,Betatorquevirus
MN769949.1_1,23,Betatorquevirus
MN769951.1_1,23,Betatorquevirus
MN771129.1_1,23,Betatorquevirus
MN770061.1_1,23,Betatorquevirus
MN769859.1_1,23,Betatorquevirus
MN769666.1_1,23,Betatorquevirus
MN769077.1_1,23,Betatorquevirus
OZ258715.1_1,23,Betatorquevirus
MN770433.1_1,23,Betatorquevirus
MN770344.1_1,23,Betatorquevirus
MN771293.1_1,23,Betatorquevirus
MN771510.1_1,24,Betatorquevirus
MN771275.1_1,24,Betatorquevirus
MN769101.1_1,24,Betatorquevirus
MN770926.1_1,24,Betatorquevirus
MN769737.1_1,24,Betatorquevirus
MN769029.1_1,24,Betatorquevirus
MN769620.1_1,24,Betatorquevirus
MN771284.1_1,24,Betatorquevirus
MN770431.1_1,24,Betatorquevirus
MN770819.1_1,24,Betatorquevirus
MN770497.1_1,24,Betatorquevirus
MN769713.1_1,24,Betatorquevirus
OK574365.1_1,24,Betatorquevirus
MN770428.1_1,24,Betatorquevirus
MN770991.1_1,24,Betatorquevirus
MN770967.1_1,24,Betatorquevirus
MN769648.1_1,24,Betatorquevirus
MN769140.1_1,24,Betatorquevirus
MN771347.1_1,24,Betatorquevirus
MN770230.1_1,24,Betatorquevirus
MN770472.1_1,24,Betatorquevirus
MN770429.1_1,24,Betatorquevirus
MN771004.1_1,24,Betatorquevirus
MN770219.1_1,24,Betatorquevirus
MN770576.1_1,24,Betatorquevirus
MN769245.1_1,24,Betatorquevirus
OZ258626.1_1,24,Betatorquevirus
MN770805.1_1,24,Betatorquevirus
MN771474.1_1,24,Betatorquevirus
MN769179.1_1,24,Betatorquevirus
MN770940.1_1,24,Betatorquevirus
MN771361.1_1,24,Betatorquevirus
MN770946.1_1,24,Betatorquevirus
MN770455.1_1,24,Betatorquevirus
MN771354.1_1,24,Betatorquevirus
MN771217.1_1,24,Betatorquevirus
MN770910.1_1,24,Betatorquevirus
MN770430.1_1,24,Betatorquevirus
MN769532.1_1,24,Betatorquevirus
MN771411.1_1,24,Betatorquevirus
MN770446.1_1,24,Betatorquevirus
MN769274.1_1,24,Betatorquevirus
MN771356.1_1,24,Betatorquevirus
MN770956.1_1,24,Betatorquevirus
MN770121.1_1,24,Betatorquevirus
MN769228.1_1,24,Betatorquevirus
MN769578.1_1,24,Betatorquevirus
MN769719.1_1,24,Betatorquevirus
MN770071.1_1,24,Betatorquevirus
MN770099.1_1,24,Betatorquevirus
OK574426.1_1,24,Betatorquevirus
MN769945.1_1,24,Betatorquevirus
MN771303.1_1,24,Betatorquevirus
MN770971.1_1,24,Betatorquevirus
MN771272.1_1,24,Betatorquevirus
MN771220.1_1,24,Betatorquevirus
OK574362.1_1,24,Betatorquevirus
MN770933.1_1,24,Betatorquevirus
OZ258771.1_1,24,Betatorquevirus
MN770935.1_1,24,Betatorquevirus
MN771291.1_1,24,Betatorquevirus
MN770228.1_1,24,Betatorquevirus
MN770229.1_1,24,Betatorquevirus
MN771379.1_1,24,Betatorquevirus
MN771226.1_1,24,Betatorquevirus
MN770655.1_1,24,Betatorquevirus
MN769375.1_1,24,Betatorquevirus
MN770432.1_1,24,Betatorquevirus
MN771271.1_1,24,Betatorquevirus
OK574436.1_1,24,Betatorquevirus
MN770952.1_1,24,Betatorquevirus
OZ258723.1_1,24,Betatorquevirus
LC381845.1_1,24,Betatorquevirus
MN769038.1_1,24,Betatorquevirus
MN770440.1_1,24,Betatorquevirus
MN771013.1_1,24,Betatorquevirus
MN771236.1_1,24,Betatorquevirus
MN771117.1_1,24,Betatorquevirus
MN769417.1_1,24,Betatorquevirus
MN769776.1_1,24,Betatorquevirus
MN769756.1_1,24,Betatorquevirus
MN769795.1_1,24,Betatorquevirus
MN769816.1_1,24,Betatorquevirus
MN771364.1_1,24,Betatorquevirus
OK574371.1_1,24,Betatorquevirus
MN771237.1_1,24,Betatorquevirus
MN770482.1_1,24,Betatorquevirus
MN770233.1_1,24,Betatorquevirus
MN769263.1_1,24,Betatorquevirus
MN769897.1_1,24,Betatorquevirus
MN770822.1_1,24,Betatorquevirus
MN770086.1_1,24,Betatorquevirus
MN770194.1_1,24,Betatorquevirus
MN771466.1_1,24,Betatorquevirus
MN770224.1_1,24,Betatorquevirus
MN771372.1_1,24,Betatorquevirus
MN771155.1_1,24,Betatorquevirus
MN770678.1_1,24,Betatorquevirus
MN769109.1_1,24,Betatorquevirus
OZ258777.1_1,24,Betatorquevirus
MN771279.1_1,24,Betatorquevirus
MN771091.1_1,24,Betatorquevirus
MN771147.1_1,24,Betatorquevirus
MN769843.1_1,24,Betatorquevirus
MN770807.1_1,24,Betatorquevirus
MN770761.1_1,24,Betatorquevirus
MN769810.1_1,24,Betatorquevirus
MN770436.1_1,24,Betatorquevirus
MN770897.1_1,24,Betatorquevirus
MN771046.1_1,24,Betatorquevirus
MN771456.1_1,25,Betatorquevirus
MN770506.1_1,25,Betatorquevirus
MN770588.1_1,25,Betatorquevirus
MN769647.1_1,25,Betatorquevirus
MN769742.1_1,25,Betatorquevirus
MN769870.1_1,25,Betatorquevirus
MN769552.1_1,25,Betatorquevirus
MN769473.1_1,25,Betatorquevirus
MN771496.1_1,25,Betatorquevirus
MN769302.1_1,25,Betatorquevirus
MN769251.1_1,25,Betatorquevirus
MN769316.1_1,25,Betatorquevirus
MN770392.1_1,25,Betatorquevirus
MN769305.1_1,25,Betatorquevirus
MN769494.1_1,25,Betatorquevirus
MN771479.1_1,25,Betatorquevirus
MN770726.1_1,25,Betatorquevirus
MN769619.1_1,25,Betatorquevirus
MN771431.1_1,25,Betatorquevirus
MN770092.1_1,25,Betatorquevirus
MN771459.1_1,25,Betatorquevirus
MN769297.1_1,25,Betatorquevirus
MN769701.1_1,25,Betatorquevirus
MN769853.1_1,25,Betatorquevirus
MN769141.1_1,27,Hetorquevirus
MN771065.1_1,27,Hetorquevirus
MN769193.1_1,27,Hetorquevirus
MN769649.1_1,27,Hetorquevirus
MN771334.1_1,27,Hetorquevirus
MN769310.1_1,27,Hetorquevirus
MN771204.1_1,27,Hetorquevirus
MN771277.1_1,27,Hetorquevirus
MN770248.1_1,27,Hetorquevirus
MN770091.1_1,27,Hetorquevirus
MN771373.1_1,28,Hetorquevirus
MN769236.1_1,28,Hetorquevirus
MN771248.1_1,28,Hetorquevirus
