object	cluster
KP343847.1	0
MZ286163.1	0
MN769730.1	0
MZ286088.1	0
AB026930.1	0
MZ286052.1	0
AB026931.1	0
NC_014097.1	0
MZ286250.1	0
MN769286.1	0
MW455429.1	0
MZ286264.1	0
MN770992.1	0
MN771447.1	0
MN769210.1	0
MN769315.1	0
MN769594.1	0
MN769686.1	0
MZ286289.1	0
MN769175.1	0
MN769365.1	0
MN771492.1	0
OZ258650.1	0
OZ258862.1	0
MN769205.1	0
MN771486.1	0
MN769567.1	0
MZ286274.1	0
MN769270.1	0
MN769294.1	0
MN770165.1	0
MN771075.1	0
MN771424.1	0
MW455391.1	0
MN769370.1	0
MN769528.1	0
MN770157.1	0
MN771060.1	0
MN769794.1	0
MN770389.1	0
MW455411.1	0
MZ286227.1	0
MZ286283.1	0
MN769204.1	0
MN770646.1	0
MZ286273.1	0
MN769477.1	0
MN771074.1	0
MN769356.1	0
MN770138.1	0
MN771195.1	0
MN769481.1	0
MN771185.1	0
MN769675.1	0
MN769726.1	0
MN769807.1	0
MN769392.1	0
MN769479.1	0
MN769259.1	0
MN769319.1	0
MN769334.1	0
MN770189.1	0
MN769073.1	0
KY462757.1	0
MN770696.1	0
KY462758.1	0
KY462759.1	0
KY462760.1	0
KY462761.1	0
KY462762.1	0
KY462763.1	0
KY462764.1	0
KY462765.1	0
KY462766.1	0
KY462768.1	0
KY462769.1	0
MN770162.1	0
KY462767.1	0
MN770187.1	0
MN770953.1	0
MW455382.1	0
MW455424.1	0
MZ286232.1	0
OK574395.1	0
MN769568.1	0
MN769151.1	0
MN769261.1	0
MN769603.1	0
MN771175.1	0
MN769229.1	0
MN770930.1	0
MN771357.1	0
MN770907.1	0
MN771469.1	0
MN769357.1	0
MN770207.1	0
MN771396.1	0
MN769778.1	0
MN769800.1	0
MN771392.1	0
MN770728.1	0
MN769401.1	0
MN769809.1	0
MN771452.1	0
MN769126.1	0
MN769216.1	0
MN770613.1	0
MZ286245.1	0
MZ286270.1	0
MN771450.1	0
MN770712.1	0
MN770699.1	0
MN769308.1	0
MN769161.1	0
MN769262.1	0
MN769288.1	0
MN769808.1	0
MN771103.1	0
MH649077.1	0
KP343860.1	1
KP343862.1	1
MZ825126.1	1
MN770426.1	1
MN770750.1	1
MN771027.1	1
MZ286268.1	1
MN770970.1	1
MN771024.1	1
MN770921.1	1
MN771029.1	1
MN771031.1	1
MN771036.1	1
MN770424.1	1
MN771026.1	1
MN771028.1	1
MZ286279.1	1
OK574409.1	1
MN770217.1	1
MN770944.1	1
MN770700.1	1
MN771045.1	1
MN771207.1	1
MN771211.1	1
OK574352.1	1
MN771198.1	1
MN771223.1	1
MN771229.1	1
MN771230.1	1
MN771242.1	1
MN771264.1	1
MN771266.1	1
MN771283.1	1
MN771288.1	1
MN771025.1	1
MN771219.1	1
MN770457.1	1
MN771218.1	1
MN771233.1	1
MN771259.1	1
MN771296.1	1
MN771302.1	1
MN771095.1	1
MN769926.1	1
MN769946.1	1
MN769983.1	1
MN770008.1	1
MN770508.1	1
MN770528.1	1
MN770644.1	1
MZ286260.1	1
MN770906.1	1
MN771241.1	1
MN771274.1	1
MN770647.1	1
MN771034.1	1
MN769857.1	1
MN769881.1	1
MN769900.1	1
MN770651.1	1
MN771032.1	1
MN769298.1	1
MN770409.1	1
MN770571.1	1
MN770709.1	1
MN769950.1	1
MN769995.1	1
MN771244.1	1
MN769524.1	1
MN769878.1	1
MN769915.1	1
MN769937.1	1
MN769957.1	1
MN769964.1	1
MN769979.1	1
MN771385.1	1
MN770800.1	1
MN770802.1	1
MN769874.1	1
MN769892.1	1
MN769896.1	1
MN769913.1	1
MN769920.1	1
MN769958.1	1
MN769962.1	1
MN770007.1	1
MN770019.1	1
MN770504.1	1
MN770614.1	1
MN770663.1	1
MN771309.1	1
MZ286212.1	1
MN770531.1	1
MN770592.1	1
MN770624.1	1
MN770661.1	1
MN770691.1	1
MN770720.1	1
MN770793.1	1
MN770960.1	1
MN769863.1	1
MN771222.1	1
MN770347.1	1
MN769901.1	1
MN770000.1	1
MN769041.1	2
MN769124.1	2
MN769752.1	2
OZ258778.1	2
OZ258990.1	2
MN769188.1	2
MN769195.1	2
MN769531.1	2
MN769057.1	2
MN769422.1	2
MN769628.1	2
MN770413.1	2
MN769369.1	2
MN769786.1	2
MN770315.1	2
MN769059.1	2
MN769189.1	2
MN769483.1	2
MN769753.1	2
MN770193.1	2
MN770195.1	2
MN770745.1	2
MN769559.1	2
MN769157.1	2
MN770323.1	2
MN771011.1	2
MN769076.1	2
MN769592.1	2
MN769036.1	2
MN769208.1	2
MN769637.1	2
MN769731.1	2
MN769051.1	2
MN769089.1	2
MN769444.1	2
MN769708.1	2
MN770324.1	2
MK139485.1	2
MN770590.1	2
MN770605.1	2
MN771360.1	2
MN769470.1	2
JX134044.1	2
MN769499.1	2
MN769589.1	2
MN769734.1	2
NC_020498.1	2
MN769066.1	2
MN769165.1	2
MN769419.1	2
MN769462.1	2
MN769627.1	2
MN769638.1	2
MN769645.1	2
MN769676.1	2
MN769679.1	2
MN769757.1	2
MN769815.1	2
MN769722.1	2
MN770068.1	2
MN770074.1	2
MN769283.1	2
MN770145.1	2
MN770152.1	2
MN769163.1	2
MN769331.1	2
MN769655.1	2
MN770631.1	2
MN770730.1	2
MN769692.1	2
MN769725.1	2
MN770062.1	2
MN770139.1	2
MN770612.1	2
MN769136.1	2
MN769244.1	2
MN769275.1	2
MN769590.1	2
MN770928.1	2
MN771082.1	2
MT783403.1	2
MN771154.1	2
MN770474.1	2
MN769492.1	2
MN769122.1	2
MN769396.1	2
MN770024.1	2
MN770790.1	2
MN769625.1	2
MN769394.1	2
MN769277.1	2
MN769803.1	2
MN769254.1	2
MN770112.1	3
MN770886.1	3
MN769985.1	3
MN769846.1	3
MN769869.1	3
MN769877.1	3
MN769948.1	3
MN770003.1	3
MN770018.1	3
MN771067.1	3
MN771319.1	3
MN770702.1	3
MN771326.1	3
MN771333.1	3
MN769903.1	3
MN769966.1	3
MN770199.1	3
MN770883.1	3
MN770891.1	3
MN769882.1	3
MN769894.1	3
MN769933.1	3
MN769938.1	3
MN769986.1	3
MN770006.1	3
MN770016.1	3
MN771322.1	3
MN771325.1	3
MN771327.1	3
MN771330.1	3
MN771048.1	3
MN771331.1	3
MZ286281.1	3
MN769968.1	3
MN769847.1	3
MN771316.1	3
MN771317.1	3
MN771318.1	3
MN771320.1	3
MN771321.1	3
MN771323.1	3
MN771324.1	3
MN771328.1	3
MN771332.1	3
MN770383.1	3
MN770202.1	3
MN770208.1	3
MN769403.1	3
MN769867.1	3
MN769889.1	3
MN769907.1	3
MN769934.1	3
MN769935.1	3
MN769956.1	3
MN770001.1	3
MN770012.1	3
MN769374.1	3
MN769710.1	3
MN769813.1	3
MN770890.1	3
MN770305.1	3
MN769285.1	3
MN770188.1	3
MN771329.1	3
MN770659.1	3
MN769380.1	3
MN769457.1	3
MN770325.1	3
MN769914.1	3
MN770185.1	3
MN770192.1	3
MN770252.1	3
MN770302.1	3
MN770080.1	3
MN770076.1	3
MN770113.1	3
MN769348.1	3
MN771187.1	3
MN771335.1	3
MN769972.1	3
MN769454.1	3
MN769593.1	3
MN769761.1	3
MN769093.1	3
MN769741.1	3
MN769031.1	3
MN769513.1	3
MN771506.1	3
KP343833.1	4
MN770357.1	4
MN770801.1	4
MN769746.1	4
MN769822.1	4
MN769998.1	4
OP985295.1	4
MN769851.1	4
MN769856.1	4
MN769885.1	4
MN769982.1	4
MN771069.1	4
MN771497.1	4
MN769522.1	4
MN769936.1	4
MN771059.1	4
MN769832.1	4
MN769833.1	4
MN769834.1	4
MN770425.1	4
MN771514.1	4
MN769480.1	4
MN769061.1	4
MN769146.1	4
MN769944.1	4
MN769849.1	4
MN769876.1	4
MN769883.1	4
MN769895.1	4
MN769916.1	4
MN769943.1	4
MN770004.1	4
MN770013.1	4
MN770177.1	4
MN770181.1	4
MN770572.1	4
MN770427.1	4
MN769991.1	4
MN770253.1	4
MN770485.1	4
MN770783.1	4
MN770673.1	4
MN770502.1	4
MN770591.1	4
MN770675.1	4
MN769910.1	4
MN771201.1	4
MN769842.1	4
MN769902.1	4
MN769905.1	4
MN770464.1	4
MN770374.1	4
MN770387.1	4
MN771203.1	4
MN769969.1	4
KY462770.1	4
NC_076162.1	4
MN770017.1	4
MN770964.1	4
MN771000.1	4
MN770055.1	4
MN770123.1	4
MN771388.1	4
MN770154.1	4
MN770580.1	4
MN770981.1	4
MN769854.1	4
MN769865.1	4
MN770023.1	4
MN769860.1	4
MN770025.1	4
MN770125.1	4
MN770057.1	4
MN771158.1	4
MH649204.1	4
KP343854.1	5
MN769330.1	5
MT506588.1	5
MZ286288.1	5
MN769838.1	5
MN769866.1	5
MN769879.1	5
MN770966.1	5
MN769214.1	5
MN769074.1	5
MN769032.1	5
MN769667.1	5
MN770119.1	5
MN770914.1	5
MN769617.1	5
MN769108.1	5
MN769203.1	5
MN769631.1	5
MN769687.1	5
MN769770.1	5
MN771304.1	5
MN771308.1	5
MN770351.1	5
MN770809.1	5
MZ286229.1	5
MN770717.1	5
MN769523.1	5
MN771006.1	5
MN771083.1	5
MN769424.1	5
MN770420.1	5
MN770509.1	5
MN770738.1	5
MN769543.1	5
MN770973.1	5
MN770975.1	5
MN770978.1	5
MN769565.1	5
MN769707.1	5
MN771478.1	5
MN770317.1	5
MN770471.1	5
MN770503.1	5
MN770974.1	5
MN769738.1	5
MN770314.1	5
MN770982.1	5
MN771005.1	5
MN771008.1	5
MN769082.1	5
MN769134.1	5
MN769273.1	5
MN769814.1	5
MN769095.1	5
MN769501.1	5
MN769427.1	5
KF764701.1	5
KF764702.1	5
NC_076135.1	5
MN769376.1	5
MN771169.1	5
MN770639.1	5
MN770976.1	5
MN771007.1	5
MN769069.1	5
MN769227.1	5
MN770469.1	5
MN769353.1	5
MN770782.1	5
MN769504.1	5
MN770951.1	5
MN771306.1	5
MN770561.1	5
MN769039.1	5
MN770170.1	6
MN770356.1	6
MN770884.1	6
MN770908.1	6
JX134045.1	6
MN770393.1	6
MN771407.1	6
MN769311.1	6
MN769366.1	6
MN769495.1	6
MN771168.1	6
MN770407.1	6
MN770449.1	6
MN771433.1	6
MN769362.1	6
MN769818.1	6
MN770515.1	6
MN770370.1	6
MN770320.1	6
MN769694.1	6
MN769744.1	6
MN771115.1	6
MN771130.1	6
MN770459.1	6
MN770755.1	6
MN770839.1	6
MN769586.1	6
AB041962.1	6
MN771081.1	6
NC_014089.1	6
MN770456.1	6
MN769428.1	6
MN769435.1	6
MN769551.1	6
MN769560.1	6
MN769636.1	6
MN769735.1	6
MN769736.1	6
MN769743.1	6
MN769758.1	6
MN769760.1	6
MN769817.1	6
MN770281.1	6
MN770844.1	6
MN771172.1	6
MN769599.1	6
MN769646.1	6
MN769110.1	6
OZ258790.1	6
OZ259002.1	6
MN770289.1	6
MN771096.1	6
MN769461.1	6
MN771084.1	6
MN771101.1	6
MN771437.1	6
MN770380.1	6
MN771182.1	6
MN769644.1	6
MN770541.1	7
OZ258697.1	7
OZ258909.1	7
MN769201.1	7
MN769035.1	7
MN769027.1	7
MN769043.1	7
MN769117.1	7
MN769137.1	7
MN770637.1	7
MN769768.1	7
MN770158.1	7
MN769321.1	7
OK574387.1	7
MN769115.1	7
MN770489.1	7
MZ286246.1	7
MN769600.1	7
MN769769.1	7
MN771126.1	7
MN769387.1	7
MN769711.1	7
OK574363.1	7
MZ286258.1	7
OZ258748.1	7
OZ258960.1	7
MN769685.1	7
MN769064.1	7
MN770345.1	7
MN771454.1	7
MN769078.1	7
MN769102.1	7
MN769443.1	7
MN769282.1	7
MN769634.1	7
MN771151.1	7
MN769763.1	7
MN769469.1	7
MN769414.1	7
MN771295.1	7
MN771311.1	7
MN769517.1	7
MN771253.1	7
MN769448.1	7
MN769670.1	7
MN769213.1	7
MN769750.1	7
MN770103.1	7
MN769147.1	7
MN771093.1	7
MN771092.1	7
MN769092.1	7
MN769390.1	7
MN769065.1	7
MN769777.1	7
MN771487.1	7
MN770622.1	7
MN769540.1	8
MN769563.1	8
MN771163.1	8
MN769154.1	8
MN770191.1	8
MN769258.1	8
MN769379.1	8
MN769781.1	8
MN769114.1	8
MN769269.1	8
MN769782.1	8
MN770198.1	8
MN769661.1	8
MN769190.1	8
MN769339.1	8
MN769090.1	8
MN769824.1	8
MN770047.1	8
MN770175.1	8
MN769333.1	8
MN769381.1	8
MN770390.1	8
MN771294.1	8
MN770369.1	8
MN770847.1	8
MZ286249.1	8
MN769611.1	8
MN770823.1	8
MN769177.1	8
MN769453.1	8
MN770447.1	8
MN769186.1	8
MN769406.1	8
MN769328.1	8
MN769455.1	8
MN769456.1	8
MN769709.1	8
MN769662.1	8
MN769751.1	8
MW455430.1	8
MZ286230.1	8
MN769430.1	8
MN771313.1	8
MN769378.1	8
MN769621.1	8
MN769545.1	8
MN771455.1	8
MN769476.1	8
MN769338.1	8
MN769280.1	8
MN769451.1	8
MN771426.1	8
MN769783.1	8
MH649241.1	8
MH649223.1	9
KP343850.1	9
MN769648.1	9
MN769140.1	9
MN769514.1	9
MN770219.1	9
MN770805.1	9
MN771004.1	9
MZ286286.1	9
OZ258626.1	9
OZ258838.1	9
MN770230.1	9
MZ286252.1	9
MN770497.1	9
MN771078.1	9
MN771100.1	9
MN770819.1	9
MN769245.1	9
MN770472.1	9
MN769737.1	9
MN769029.1	9
MN769101.1	9
MN769620.1	9
MN770429.1	9
MN770576.1	9
MN770926.1	9
MN771509.1	9
MN770938.1	9
MN771510.1	9
MZ286291.1	9
MN769713.1	9
MZ286267.1	9
MZ286259.1	9
MN770806.1	9
MN771275.1	9
MN770431.1	9
MN771347.1	9
MN770115.1	9
MH649083.1	9
MN770070.1	9
MN771284.1	9
MZ286247.1	9
MH648982.1	9
NC_075376.1	9
MZ286082.1	9
MH649087.1	9
MN770998.1	10
MN770514.1	10
MN770301.1	10
MZ286233.1	10
MN771395.1	10
MN769206.1	10
MN770779.1	10
MN771197.1	10
MN770287.1	10
MN770285.1	10
MN770105.1	10
MN769106.1	10
MN771500.1	10
MN770366.1	10
MN770412.1	10
MN771276.1	10
MN769410.1	10
MN771114.1	10
MN770100.1	10
MN771225.1	10
MN771282.1	10
MN771285.1	10
MN771015.1	10
MN769289.1	10
MH017547.1	10
MH017546.1	10
NC_076233.1	10
MN769358.1	10
MN770153.1	10
MN771189.1	10
MN769614.1	10
MN769346.1	10
MN769174.1	10
MN769194.1	10
MN769405.1	10
MN769604.1	10
MN769681.1	10
MN771159.1	10
MN771133.1	10
MN769063.1	10
MN769509.1	10
MN770251.1	10
MN769825.1	10
MN770286.1	10
MN770349.1	11
MN770640.1	11
MN770623.1	11
OZ258797.1	11
OZ259009.1	11
MN769828.1	11
MN770284.1	11
MN770288.1	11
MN770837.1	11
MN770333.1	11
MN770382.1	11
MN770536.1	11
MN769407.1	11
MN770296.1	11
MN770849.1	11
MN770851.1	11
MN769519.1	11
MN770292.1	11
MN770313.1	11
MN769925.1	11
MN769502.1	11
MN769572.1	11
MN769622.1	11
MN769720.1	11
MN770341.1	11
MN770397.1	11
MN770450.1	11
MN770542.1	11
MN770547.1	11
MN770582.1	11
MN771206.1	11
MN769118.1	11
MN769121.1	11
MN769654.1	11
MN769340.1	11
MH017556.1	11
MH017557.1	11
MH017562.1	11
MN770403.1	11
MH017558.1	11
MH017559.1	11
MN771440.1	11
MN771412.1	11
MN770931.1	11
MZ286207.1	12
MN769789.1	12
MN770990.1	12
MN769150.1	12
JX134046.1	12
NC_076131.1	12
MN769170.1	12
MN770250.1	12
MN770275.1	12
MN770340.1	12
MZ286269.1	12
MN769047.1	12
MN769138.1	12
MN769164.1	12
MN769512.1	12
MW455377.1	12
MN771377.1	12
MN769703.1	12
MN769804.1	12
MN771501.1	12
MZ286190.1	12
MN770989.1	12
MN770465.1	12
MN770754.1	12
MN770352.1	12
MN770385.1	12
MN771086.1	12
MN770246.1	12
MN771053.1	12
MN769278.1	12
MN771408.1	12
MN771118.1	12
MZ286236.1	12
MN771052.1	12
MN771062.1	12
MN771404.1	12
MN769632.1	12
MN770959.1	12
MN771481.1	12
MN770294.1	12
MZ286065.1	12
MZ286034.1	12
MN769155.1	12
MH649256.1	13
OZ258652.1	13
OZ258864.1	13
PP374828.1	13
OR148955.1	13
OR148953.1	13
OZ258692.1	13
OZ258904.1	13
MH649179.1	13
MW679003.1	13
MZ286208.1	13
OP985294.1	13
MZ286216.1	13
MW455345.1	13
MH648969.1	13
OP985293.1	13
MN765196.1	13
MZ286099.1	13
MZ286169.1	13
MZ286220.1	13
MZ286046.1	13
MZ286042.1	13
MZ286170.1	13
MZ286125.1	13
MZ286211.1	13
MW455396.1	13
MZ286178.1	13
MZ286014.1	13
MZ286051.1	13
MZ285976.1	13
MZ285995.1	13
MZ286012.1	13
MW455371.1	13
MZ286105.1	13
MZ286145.1	13
MZ285965.1	13
MZ286031.1	13
MZ286078.1	13
MH649142.1	13
MH648976.1	13
MH649037.1	13
MH648913.1	14
OZ258670.1	14
OZ258693.1	14
OZ258882.1	14
OZ258905.1	14
OZ258620.1	14
OZ258701.1	14
OZ258832.1	14
OZ258913.1	14
MH649070.1	14
MN768563.1	14
OZ258632.1	14
OZ258844.1	14
MZ286098.1	14
MZ285969.1	14
MZ286109.1	14
MN768562.1	14
MN768567.1	14
MW455439.1	14
MN768565.1	14
MZ286002.1	14
MH649144.1	14
MN768564.1	14
MZ286183.1	14
MZ286008.1	14
KP343839.1	14
MZ286122.1	14
MN768568.1	14
MN768566.1	14
MW455367.1	14
MZ286003.1	14
MZ285994.1	14
MW455349.1	14
MW455433.1	14
MZ286185.1	14
MZ285989.1	14
MZ286186.1	14
MW455372.1	14
MZ286045.1	14
MH649085.1	14
MH649143.1	14
MN769301.1	15
MN769327.1	15
MN769452.1	15
MN769503.1	15
MN771119.1	15
MN770262.1	15
MN770695.1	15
MN770965.1	15
MN771022.1	15
MN771270.1	15
MN770713.1	15
MN770480.1	15
MN770408.1	15
MN770463.1	15
MN770677.1	15
MN770858.1	15
MN771262.1	15
MN770479.1	15
MN770512.1	15
MN770550.1	15
MN770573.1	15
MN770575.1	15
MN770599.1	15
MN770666.1	15
MN770759.1	15
MN769629.1	15
MN769997.1	15
MN769187.1	15
MN769423.1	15
MN769906.1	15
MN769546.1	15
MN770260.1	15
MN770264.1	15
MN770271.1	15
MN770274.1	15
MN770276.1	15
MN771123.1	15
MN771160.1	15
MN771188.1	15
MN770326.1	15
MN770261.1	15
MZ286156.1	16
MH649242.1	16
MZ286205.1	16
PP374834.1	16
OZ258664.1	16
OZ258876.1	16
MT501648.1	16
MT501645.1	16
MT501652.1	16
OZ258660.1	16
OZ258872.1	16
MZ286092.1	16
PP374833.1	16
MW455438.1	16
MW455383.1	16
MH649092.1	16
MZ286023.1	16
MZ286158.1	16
MH649156.1	16
MH649208.1	16
MH649258.1	16
MH648958.1	16
MW455375.1	16
MZ286094.1	16
MH648901.1	16
MW455369.1	16
PQ438050.1	16
MZ286222.1	16
MW455356.1	16
MZ286107.1	16
MZ286188.1	16
MZ285964.1	16
MW455423.1	16
MW455359.1	16
MW455443.1	16
MZ286151.1	16
MW455385.1	16
MW455404.1	16
MH649129.1	16
MH648950.1	16
KP343818.1	17
MN770342.1	17
MN770586.1	17
MN770777.1	17
KM259873.1	17
NC_025726.1	17
MN770594.1	17
MN769103.1	17
MN770279.1	17
MN770373.1	17
MN770690.1	17
MN769397.1	17
MN770553.1	17
MN770772.1	17
MN771232.1	17
MN771292.1	17
MN770534.1	17
MN770776.1	17
MN769623.1	17
MN770929.1	17
MN769281.1	17
MN769518.1	17
MN769125.1	17
MN769836.1	17
OK574402.1	17
MN770537.1	17
MN770283.1	17
MN770149.1	17
MN770706.1	17
MN770280.1	17
MN770321.1	17
MN770787.1	17
MN770607.1	17
MN769436.1	17
MN769529.1	17
MN769318.1	17
MN769671.1	17
MN769660.1	17
MN769673.1	17
MH648957.1	17
MN770905.1	18
MN770174.1	18
MN770848.1	18
MN770609.1	18
MN770735.1	18
MN770602.1	18
MN770701.1	18
MN770557.1	18
MN770555.1	18
MN770876.1	18
MN770752.1	18
MN770415.1	18
MN770569.1	18
MN770596.1	18
MN770654.1	18
MN770737.1	18
MN770854.1	18
MN769337.1	18
MN769322.1	18
MN771310.1	18
OK574439.1	18
MN769993.1	18
MN770554.1	18
MN770337.1	18
MN770368.1	18
MN770394.1	18
MN770568.1	18
MN770354.1	18
MN770364.1	18
MN770864.1	18
OK574422.1	18
MN770348.1	18
MN770361.1	18
MN770400.1	18
MN770350.1	18
MN770143.1	19
MN770151.1	19
MN769465.1	19
MN770660.1	19
MN771423.1	19
MN769805.1	19
MN769335.1	19
MN769747.1	19
MN771098.1	19
MN771104.1	19
MN769656.1	19
MN769506.1	19
MN771150.1	19
KM259874.1	19
MN770065.1	19
NC_025727.1	19
MN769033.1	19
MN769160.1	19
MN769198.1	19
MN769239.1	19
MN769521.1	19
MN769740.1	19
MN769775.1	19
MN769823.1	19
MN771020.1	19
MN771021.1	19
MN770778.1	19
MN771144.1	19
OK574375.1	19
MN769633.1	19
MN769716.1	19
MN771435.1	19
MN771068.1	19
MN771483.1	19
MN770448.1	19
MH649122.1	20
OZ258672.1	20
OZ258884.1	20
AY823989.1	20
OP168886.1	20
PP374832.1	20
OZ258617.1	20
OZ258829.1	20
MW455389.1	20
MZ286097.1	20
MZ286215.1	20
KJ194502.1	20
MT783404.1	20
MH649137.1	20
MZ286182.1	20
MZ286128.1	20
MZ286073.1	20
MZ286118.1	20
MZ286010.1	20
MZ286114.1	20
MZ286102.1	20
MW455390.1	20
MZ286123.1	20
MW455447.1	20
MZ285974.1	20
MW455418.1	20
KP343840.1	20
MZ286075.1	20
MW455420.1	20
MZ286162.1	20
MZ286063.1	20
MZ286119.1	20
MH649039.1	20
MH649038.1	20
MN769300.1	21
MN769921.1	21
MN770102.1	21
MN770085.1	21
MN770437.1	21
MN769493.1	21
MN770331.1	21
MN770626.1	21
MN770768.1	21
MN770979.1	21
MN769426.1	21
MN769497.1	21
MN769544.1	21
MN769765.1	21
MN770574.1	21
MN769845.1	21
MN769107.1	21
MN769527.1	21
MN769652.1	21
MN770083.1	21
MN770584.1	21
MN770762.1	21
MN769342.1	21
MN771099.1	21
MN769094.1	21
MN769643.1	21
MN770977.1	21
MN770984.1	21
MN769056.1	21
MN769105.1	21
MN769835.1	21
MN770829.1	21
MN769226.1	21
MN769062.1	21
MN770131.1	22
MN770173.1	22
MN770643.1	22
MN771177.1	22
OZ258763.1	22
OZ258975.1	22
MN770521.1	22
MN770670.1	22
MN770756.1	22
MN769042.1	22
MN769717.1	22
MN769844.1	22
MN770169.1	22
MN769046.1	22
MN769127.1	22
MN769217.1	22
MN769821.1	22
MN770282.1	22
MN770290.1	22
MN770291.1	22
MN770316.1	22
MN770319.1	22
MN770473.1	22
MN769250.1	22
MN771498.1	22
MN770527.1	22
MN770063.1	22
MN769382.1	22
MN769583.1	22
MN770225.1	22
MN769385.1	22
MN771179.1	22
MN769837.1	22
MN770142.1	22
MN769939.1	23
MN770786.1	23
OZ258731.1	23
OZ258943.1	23
MN770562.1	23
MN770606.1	23
MN770739.1	23
MN770765.1	23
MN770925.1	23
MN769598.1	23
MN770300.1	23
MN770304.1	23
MN770310.1	23
MN770461.1	23
MN770785.1	23
MN769558.1	23
MN771167.1	23
MN769597.1	23
OZ258810.1	23
OZ259022.1	23
MN771128.1	23
MN769350.1	23
MN770421.1	23
MN769248.1	23
MN769467.1	23
MN769496.1	23
MN769584.1	23
MN769831.1	23
MN769352.1	23
KX810063.1	23
MN769054.1	23
MN769081.1	23
NC_076155.1	23
MZ286070.1	24
KM593802.2	24
KM593803.2	24
MZ286016.1	24
MZ286152.1	24
MZ286079.1	24
MZ286057.1	24
MZ286049.1	24
KP343838.1	24
KP343842.1	24
MZ286013.1	24
MH648893.1	24
MW455387.1	24
MW455380.1	24
MW455414.1	24
MZ286218.1	24
MH648916.1	24
MZ286144.1	24
MZ286018.1	24
MW455350.1	24
MZ286115.1	24
MZ285975.1	24
MH648997.1	24
MZ286179.1	24
MW455355.1	24
MZ286077.1	24
MZ286168.1	24
MK820646.1	24
MZ286146.1	24
MZ285984.1	24
MZ285985.1	24
MZ286035.1	24
OZ258785.1	25
OZ258997.1	25
MH017570.1	25
MH017571.1	25
MH017572.1	25
MH017573.1	25
MH017574.1	25
MH017575.1	25
MH017576.1	25
MH017577.1	25
MH017578.1	25
MH017579.1	25
MH017580.1	25
MH017581.1	25
MH017582.1	25
MH017583.1	25
MH017584.1	25
MH017585.1	25
MH017586.1	25
MH017587.1	25
OZ258744.1	25
OZ258956.1	25
MZ285968.1	25
MW455432.1	25
KP343845.1	25
MW455441.1	25
MZ286043.1	25
MW455416.1	25
MZ286160.1	25
MZ286029.1	25
MN769434.1	26
MN770435.1	26
MN770668.1	26
MN770686.1	26
MN769253.1	26
MN769672.1	26
MN769764.1	26
MW455427.1	26
MN769080.1	26
MN769299.1	26
MN769537.1	26
MN770658.1	26
MN769564.1	26
MN769237.1	26
MN769295.1	26
MN769408.1	26
MN770834.1	26
MN771148.1	26
MN771176.1	26
MN771493.1	26
MN771489.1	26
MN769928.1	26
MN769745.1	26
MN769973.1	26
MN769891.1	26
MN769929.1	26
MN771508.1	26
MN770096.1	26
MN770495.1	26
MN770267.1	26
MN770740.1	27
MN770949.1	27
MN769087.1	27
MN769113.1	27
MN769345.1	27
MN769445.1	27
MN769458.1	27
MN769539.1	27
MN769664.1	27
MN769728.1	27
MN769830.1	27
MN770795.1	27
MN769158.1	27
MN769779.1	27
MN769139.1	27
MN769249.1	27
MN770711.1	27
MN769684.1	27
MN769053.1	27
MN769218.1	27
MN769243.1	27
MN769601.1	27
MN769607.1	27
MN769037.1	27
MN769257.1	27
MN769729.1	27
MN769149.1	27
MN769272.1	27
MN771023.1	28
MZ286133.1	28
MN769142.1	28
MN769615.1	28
MN769510.1	28
MN771257.1	28
MN769705.1	28
MN769290.1	28
MN770037.1	28
MN770038.1	28
MN770529.1	28
MN769612.1	28
MN770204.1	28
MN771287.1	28
MN771350.1	28
MN771161.1	28
MN770379.1	28
MN769784.1	28
MN771208.1	28
MN771210.1	28
MN771240.1	28
MN771205.1	28
MN769373.1	28
MN771162.1	28
MN771209.1	28
MN769562.1	28
MN771301.1	28
MW455403.1	28
MN769372.1	29
MN769640.1	29
MN770180.1	29
MN769172.1	29
MN769642.1	29
MN769232.1	29
MN770052.1	29
MN770328.1	29
MN769606.1	29
MN769683.1	29
MN770904.1	29
MN769466.1	29
MN769487.1	29
MN770308.1	29
MN769749.1	29
MN769347.1	29
MN769377.1	29
MN769555.1	29
MN770211.1	29
MN770212.1	29
MN770210.1	29
MN770258.1	29
MN770749.1	29
MN769733.1	29
MN770168.1	29
MN771140.1	29
MN769478.1	29
MN769132.1	29
MH649228.1	30
MH649183.1	30
MZ286231.1	30
MZ286253.1	30
MN770216.1	30
MN770218.1	30
MN770231.1	30
MN770232.1	30
MN769344.1	30
MN769489.1	30
MN770961.1	30
MN769182.1	30
MN769587.1	30
MN769580.1	30
MN770059.1	30
MH649125.1	30
MN771243.1	30
MN770585.1	30
MN770616.1	30
MN770674.1	30
MH649189.1	30
MW455354.1	30
MH649224.1	30
MN771071.1	30
MH649040.1	30
MH649009.1	30
MN769351.1	31
MN769364.1	31
MN769468.1	31
MN769721.1	31
OZ258769.1	31
OZ258981.1	31
OZ258807.1	31
OZ259019.1	31
MN770011.1	31
MN769841.1	31
MN769898.1	31
MN770338.1	31
MN770988.1	31
MN771002.1	31
MN770144.1	31
MN770087.1	31
MN770880.1	31
MN770881.1	31
MN770882.1	31
MN770892.1	31
MN770893.1	31
MN770887.1	31
MN770610.1	31
MN770788.1	31
MN771476.1	31
MN770167.1	31
KP343837.1	32
MZ286017.1	32
MZ286140.1	32
OZ258700.1	32
OZ258912.1	32
GU797360.1	32
MZ286181.1	32
MZ286006.1	32
MT783406.1	32
MZ286060.1	32
MZ286124.1	32
MN765203.1	32
MZ286061.1	32
MH649203.1	32
MW455440.1	32
MZ286025.1	32
KP343843.1	32
MW455421.1	32
MZ286106.1	32
MW455442.1	32
MW455400.1	32
MZ286064.1	32
MZ286019.1	32
MZ286142.1	32
MZ286030.1	32
MN769040.1	33
MN769169.1	33
MN769267.1	33
MN769549.1	33
MN769575.1	33
MN770411.1	33
MW455419.1	33
MZ286226.1	33
MZ286251.1	33
MN769471.1	33
MN769557.1	33
MN769641.1	33
MN769702.1	33
MN769714.1	33
MN769780.1	33
MN770030.1	33
MN770377.1	33
MN770774.1	33
MN770178.1	33
MN770197.1	33
MZ286254.1	33
MN770365.1	33
MN770033.1	33
MN769533.1	33
MZ286072.1	33
MN770160.1	34
MN770044.1	34
MN770082.1	34
MN770748.1	34
MN771132.1	34
MN770186.1	34
MN770205.1	34
MN770295.1	34
MN771017.1	34
MN770128.1	34
MN770257.1	34
OZ258773.1	34
OZ258985.1	34
MN770107.1	34
MN770617.1	34
MN770127.1	34
MN770156.1	34
MN770821.1	34
MN769192.1	34
MN771079.1	34
MN769988.1	34
OZ258726.1	34
OZ258938.1	34
MT210805.1	34
MN771370.1	34
MZ286056.1	35
OZ258695.1	35
OZ258907.1	35
OZ258684.1	35
OZ258896.1	35
OZ258639.1	35
OZ258851.1	35
MZ286066.1	35
OZ258709.1	35
OZ258921.1	35
MZ286132.1	35
MZ286121.1	35
MZ285993.1	35
MW455346.1	35
MZ286206.1	35
MW455347.1	35
MZ286080.1	35
MZ286157.1	35
MZ286011.1	35
MZ286028.1	35
MW455449.1	35
MZ285977.1	35
MW455422.1	35
MZ286047.1	35
MN771181.1	36
MN770483.1	36
MN770732.1	36
MN770490.1	36
MN770539.1	36
MN770734.1	36
MN771105.1	36
MN771228.1	36
MN771340.1	36
MN771344.1	36
MN769508.1	36
MN770532.1	36
MN769219.1	36
MN771513.1	36
OK574434.1	36
MN769788.1	36
OK574394.1	36
MN771345.1	36
MN769680.1	36
MN771286.1	36
MN771273.1	36
OZ258809.1	36
OZ259021.1	36
MN771066.1	36
OK574405.1	37
MN770920.1	37
MZ286285.1	37
MN770630.1	37
MN770172.1	37
MN770147.1	37
MN770238.1	37
MN770137.1	37
MN770201.1	37
MN770860.1	37
OZ258725.1	37
OZ258937.1	37
MN771200.1	37
MN771263.1	37
MN770140.1	37
MN771106.1	37
MN771127.1	37
MN771193.1	37
MN771312.1	37
MN771338.1	37
MN771341.1	37
MN771120.1	37
MN769616.1	37
KP343859.1	37
MN770161.1	38
MN770163.1	38
MN770758.1	38
MN770166.1	38
MN770669.1	38
MN770650.1	38
MN770723.1	38
MN770060.1	38
MN770770.1	38
MN770697.1	38
MN771064.1	38
MN770638.1	38
MN770743.1	38
MN770359.1	38
MN770505.1	38
MN770634.1	38
MN770747.1	38
MN770476.1	38
MN770481.1	38
MN770629.1	38
MN770766.1	38
MN770042.1	38
MN769459.1	38
MH649104.1	39
OR197588.1	39
MN771261.1	39
MN770552.1	39
MN770757.1	39
OK574411.1	39
MN770146.1	39
MZ286293.1	39
MN769215.1	39
MZ286053.1	39
MN769591.1	39
MN770171.1	39
KU041847.1	39
NC_030297.1	39
MZ286266.1	39
MN771051.1	39
MN769505.1	39
MN769569.1	39
MZ286193.1	39
MN769252.1	39
MN769463.1	39
MN771414.1	39
MN771451.1	39
MN770507.1	40
MN770410.1	40
MN770136.1	40
MN770404.1	40
MN769433.1	40
MN769538.1	40
MN770182.1	40
MN770206.1	40
MN770498.1	40
MN770620.1	40
MN770760.1	40
MN770871.1	40
MN769067.1	40
MN770371.1	40
MN770869.1	40
MN769361.1	40
MN769415.1	40
MN770817.1	40
MN770939.1	40
MN769276.1	40
MN769439.1	40
MN769706.1	40
MZ286278.1	41
MN770689.1	41
MZ286284.1	41
MN769316.1	41
MN769251.1	41
MN769305.1	41
MN769619.1	41
MN770726.1	41
MN771018.1	41
MN771165.1	41
MN769755.1	41
MN770299.1	41
MN770327.1	41
MN769494.1	41
MN769302.1	41
MN770454.1	41
MN769168.1	41
MN770392.1	41
MN771113.1	41
MN771496.1	41
MN769610.1	41
MN771475.1	41
MN771013.1	42
MN771260.1	42
MN770940.1	42
MN771220.1	42
MN771245.1	42
MN770141.1	42
MN769038.1	42
MN770237.1	42
MN770439.1	42
MN770444.1	42
OK574436.1	42
MN770440.1	42
MN770441.1	42
MN770442.1	42
MN770443.1	42
MN770945.1	42
LC381845.1	42
NC_076168.1	42
OZ258723.1	42
OZ258935.1	42
MN770438.1	42
KP343851.1	43
KP343853.1	43
KP343830.1	43
KP343848.1	43
MN770946.1	43
MN770910.1	43
MN770430.1	43
MN771217.1	43
MN769532.1	43
MN769696.1	43
MZ286192.1	43
MN771361.1	43
MN769274.1	43
MZ286228.1	43
MN770455.1	43
MN770446.1	43
MN771411.1	43
MN771354.1	43
MH649028.1	43
MH648985.1	43
KP343849.1	43
MN771139.1	44
MN769088.1	44
MN769266.1	44
MN769044.1	44
MN770124.1	44
MN771441.1	44
MN769425.1	44
MN771058.1	44
MN770862.1	44
MN771033.1	44
MN769184.1	44
MN769119.1	44
MN769123.1	44
MN769689.1	44
MN769212.1	44
MN771473.1	44
MN771192.1	44
MN769349.1	44
MN769255.1	44
MN769196.1	44
MN769086.1	44
MW455444.1	45
MZ286148.1	45
MN770600.1	45
MZ286256.1	45
MH649017.1	45
MN769438.1	45
MN770148.1	45
MW455425.1	45
MZ286235.1	45
MZ286277.1	45
NC_075373.1	45
MN769602.1	45
MN770132.1	45
MN769799.1	45
MN769307.1	45
MN769548.1	45
MN770254.1	45
MN770676.1	45
MN770155.1	45
MN771406.1	45
MH649212.1	45
MN769068.1	46
MN769185.1	46
MN769072.1	46
MN769485.1	46
MN769520.1	46
MN769827.1	46
MN770681.1	46
MN770106.1	46
MN769450.1	46
MN770164.1	46
MN770414.1	46
MN770358.1	46
MN770589.1	46
MN770101.1	46
MN771088.1	46
MN769085.1	46
MN770355.1	46
MN769320.1	46
MN770050.1	46
MH648892.1	46
MN769336.1	47
MN769802.1	47
MN769695.1	47
MN771405.1	47
MN770372.1	47
MN769230.1	47
MN769826.1	47
MN771359.1	47
MN769296.1	47
MN769812.1	47
MN771381.1	47
MN769312.1	47
MN770040.1	47
MN770116.1	47
MN769325.1	47
MN770381.1	47
MN770388.1	47
OK574412.1	47
MN771410.1	47
MN769547.1	47
MN771097.1	48
MN770627.1	48
MN769446.1	48
MN771462.1	48
MN769954.1	48
MN770335.1	48
MZ286219.1	48
MW455428.1	48
MN769260.1	48
MN769498.1	48
MN769677.1	48
MN770048.1	48
MN769355.1	48
MN769386.1	48
MN770710.1	48
MN771438.1	48
OK574443.1	48
MN770104.1	48
MN770117.1	48
MN769530.1	48
MN769923.1	49
MN770865.1	49
MN769840.1	49
MN769990.1	49
MN769858.1	49
MN769861.1	49
MN769893.1	49
MN769941.1	49
MN769984.1	49
MN769992.1	49
MN769999.1	49
MN770334.1	49
MZ286280.1	49
MN770015.1	49
MN770022.1	49
MN770028.1	49
MN769970.1	49
MN769801.1	49
MN769576.1	49
MZ286044.1	50
MN771213.1	50
MH649106.1	50
MN770648.1	50
MN770794.1	50
OK574437.1	50
MN770418.1	50
MN770423.1	50
MN770879.1	50
MN771212.1	50
MN771278.1	50
MN769678.1	50
MN770936.1	50
MN770597.1	50
MN770909.1	50
MN771214.1	50
MN771215.1	50
MN769332.1	50
MN770715.1	50
MW455398.1	51
OZ258793.1	51
OZ259005.1	51
MN769211.1	51
MN769700.1	51
MN770866.1	51
MN769420.1	51
MN769669.1	51
MN769718.1	51
MN770683.1	51
MN769048.1	51
MN769199.1	51
MN769391.1	51
OZ258764.1	51
OZ258976.1	51
MH649141.1	51
NC_075370.1	51
MZ286196.1	51
MN770781.1	52
MN769181.1	52
MN769554.1	52
MN770056.1	52
MN769409.1	52
MN770543.1	52
MN770679.1	52
MN770775.1	52
MK212031.1	52
NC_076339.1	52
MN770477.1	52
MN770780.1	52
MN770797.1	52
MN770915.1	52
MN769411.1	52
MN769820.1	52
MN771149.1	52
MN769271.1	52
MN769084.1	53
MN771401.1	53
MN770272.1	53
MN770445.1	53
MN771076.1	53
MN769070.1	53
MN769133.1	53
MN769368.1	53
MN770828.1	53
MN770405.1	53
MN770619.1	53
MN770741.1	53
MN770771.1	53
MN769534.1	53
MN769665.1	53
MN769697.1	53
MN769724.1	53
MN770269.1	53
MN769976.1	54
MN771171.1	54
MN770488.1	54
MN770249.1	54
MW455386.1	54
MZ286225.1	54
MN771409.1	54
MN770516.1	54
MN770243.1	54
MN770259.1	54
MN771057.1	54
MZ286257.1	54
MZ286275.1	54
MN769924.1	54
MN770266.1	54
MH649051.1	54
MZ286200.1	54
MH649217.1	54
MW455434.1	55
MN769911.1	55
MN769850.1	55
MW455363.1	55
MZ286261.1	55
NC_038347.1	55
OZ258775.1	55
OZ258987.1	55
MN769930.1	55
MK212030.1	55
MN769887.1	55
MN770417.1	55
MN771290.1	55
MN771480.1	55
MN769963.1	55
MN770570.1	55
MN770791.1	55
MZ286037.1	56
MZ286209.1	56
MN765200.1	56
MW857571.1	56
MZ286143.1	56
OQ283124.1	56
MT783407.1	56
MW455395.1	56
MW455415.1	56
MW455446.1	56
MZ286221.1	56
MH649022.1	56
MW455376.1	56
MW455399.1	56
MZ285981.1	56
MH648942.1	56
MN769112.1	57
MN769474.1	57
MN769490.1	57
MN769908.1	57
MN769762.1	57
MN769045.1	57
MN769541.1	57
MN770081.1	57
MN771044.1	57
MN770579.1	57
OZ258721.1	57
OZ258933.1	57
MN769542.1	57
MN771488.1	57
MN769890.1	57
MT157223.1	57
MN771156.1	58
MN770077.1	58
MN770298.1	58
MN770916.1	58
MN770917.1	58
MN770999.1	58
MN771019.1	58
MZ286242.1	58
MN770416.1	58
MN769566.1	58
MN769793.1	58
MN770401.1	58
MN770853.1	58
MN770972.1	58
OZ258751.1	58
OZ258963.1	58
MN771173.1	59
MN770462.1	59
MN770798.1	59
MN769472.1	59
MN769595.1	59
MN769233.1	59
MN769028.1	59
MN769145.1	59
MN769772.1	59
MN771056.1	59
MN770053.1	59
MN770836.1	59
MN770838.1	59
MN770843.1	59
MN769264.1	59
MN770814.1	59
OK574370.1	60
MZ286241.1	60
MN769153.1	60
MN771472.1	60
MN769441.1	60
OK574350.1	60
MN771457.1	60
MN769200.1	60
MN770808.1	60
MN769561.1	60
MW455445.1	60
MN770111.1	60
MN770948.1	60
MN771369.1	60
MN770511.1	60
MZ286136.1	60
MN770593.1	61
MZ286048.1	61
MN771016.1	61
OK574421.1	61
MN770645.1	61
MN770069.1	61
MN769412.1	61
MN770918.1	61
MN770005.1	61
MN770520.1	61
MN770731.1	61
MN770736.1	61
MN769773.1	61
MN771402.1	61
MN770518.1	61
KP343856.1	61
MN771221.1	62
MN771238.1	62
MN771280.1	62
MN769574.1	62
MN769880.1	62
MN771363.1	62
MN770458.1	62
MN770475.1	62
MN770642.1	62
MN770729.1	62
MN770769.1	62
MN771346.1	62
MN771300.1	62
MN770236.1	62
MN771250.1	62
MN771394.1	62
MN771334.1	63
MN769193.1	63
MN769225.1	63
MN769079.1	63
MN769141.1	63
MN769759.1	63
MN771065.1	63
MN769649.1	63
OZ258714.1	63
OZ258926.1	63
MN769111.1	63
MN769284.1	63
MN771397.1	63
MN769421.1	63
MN771186.1	63
MN771427.1	63
MH017563.1	64
MH017564.1	64
MH017565.1	64
NC_076234.1	64
MH017566.1	64
MH017567.1	64
MH017568.1	64
MH017569.1	64
MN769309.1	64
MN769075.1	64
MN769222.1	64
MN769306.1	64
MN769360.1	64
MN769488.1	64
MN769553.1	64
MN769653.1	64
MZ286050.1	65
MZ286159.1	65
AB303558.1	65
NC_038355.1	65
OP549860.1	65
MN774949.1	65
MN774980.1	65
MZ286149.1	65
MZ286137.1	65
MW455366.1	65
MW455413.1	65
MZ286090.1	65
MW455426.1	65
MZ286164.1	65
MZ286055.1	65
MN769507.1	66
MN769657.1	66
MN770306.1	66
MN771170.1	66
MN771184.1	66
MN769965.1	66
MN770309.1	66
MN770311.1	66
MN771138.1	66
MN769238.1	66
MN769431.1	66
MN770994.1	66
MN771014.1	66
MN771485.1	66
MN770924.1	66
MN769630.1	67
MN770190.1	67
MN770213.1	67
MN771231.1	67
MN770451.1	67
MN769220.1	67
MN769341.1	67
MN771216.1	67
MN771109.1	67
OZ258747.1	67
OZ258959.1	67
MN769060.1	67
MN769460.1	67
MN771196.1	67
MN771136.1	67
MN770983.1	68
MN771012.1	68
MN769748.1	68
MN770196.1	68
MN769191.1	68
MN769811.1	68
MN769404.1	68
MN769691.1	68
MN770203.1	68
MN769635.1	68
MN769475.1	68
MN771458.1	68
MN771107.1	68
MN771413.1	68
MN771049.1	68
MN770544.1	69
MZ286239.1	69
MN770687.1	69
MN770353.1	69
MN770402.1	69
MN770467.1	69
MN770705.1	69
MN770339.1	69
NC_038346.1	69
MN770134.1	69
MN771358.1	69
MN771470.1	69
OK574428.1	69
MN770133.1	69
MN769971.1	69
MH649210.1	70
PP374835.1	70
PP374836.1	70
PP374829.1	70
MW679006.1	70
OZ258799.1	70
OZ259011.1	70
PP374830.1	70
MN765195.1	70
MW455392.1	70
MW455379.1	70
MW455374.1	70
MZ285979.1	70
MZ285972.1	70
MH649014.1	71
MZ286086.1	71
MT783405.1	71
MZ285992.1	71
MW455348.1	71
MK820645.1	71
MW455352.1	71
MZ286161.1	71
MZ286074.1	71
MZ285971.1	71
MZ285980.1	71
MZ285982.1	71
MH649008.1	71
MH648995.1	71
OZ258750.1	72
OZ258962.1	72
OZ258742.1	72
OZ258954.1	72
LC385662.1	72
LC385663.1	72
MN765199.1	72
JN980171.1	72
MN765198.1	72
OZ258719.1	72
OZ258730.1	72
OZ258931.1	72
OZ258942.1	72
MZ286126.1	72
PP374831.1	73
MH649042.1	73
MN765202.1	73
MN765201.1	73
MZ286100.1	73
MZ286184.1	73
OZ258675.1	73
OZ258887.1	73
HM224451.1	73
MZ286130.1	73
MW455353.1	73
MZ286076.1	73
MZ285987.1	73
MZ286093.1	74
OZ258803.1	74
OZ259015.1	74
MW679005.1	74
KP036971.1	74
MN768560.1	74
MN768559.1	74
MZ286009.1	74
MN768561.1	74
MH648946.1	74
MW455368.1	74
MH648990.1	74
MZ285983.1	74
MN774987.1	75
OZ258610.1	75
MN774940.1	75
AB303566.1	75
NC_038361.1	75
AB303554.1	75
NC_038354.1	75
MN774944.1	75
OZ258698.1	75
OZ258910.1	75
MN774985.1	75
KP343824.1	75
MZ286001.1	75
MN769639.1	76
MN769693.1	76
MN769727.1	76
MN770079.1	76
MN770850.1	76
MN770911.1	76
MN770525.1	76
MN770635.1	76
MN770657.1	76
MN770856.1	76
MN769626.1	76
MN771247.1	76
MN771342.1	76
MN771166.1	77
MN769058.1	77
MN769130.1	77
MN769197.1	77
MN769279.1	77
MN770020.1	77
MN769091.1	77
MN769798.1	77
MN769536.1	77
MN769785.1	77
MN769120.1	77
MZ286272.1	77
MN769525.1	77
MN770653.1	78
MN770746.1	78
MN770665.1	78
MN770549.1	78
MN770540.1	78
MN770799.1	78
MN770492.1	78
MN770551.1	78
MN770615.1	78
MN770460.1	78
MN770796.1	78
MN770804.1	78
MN770718.1	78
MN769978.1	79
MN770029.1	79
MN769909.1	79
MN769960.1	79
MN769052.1	79
MN770014.1	79
MN770027.1	79
MN771445.1	79
MN771467.1	79
MN771255.1	79
MN769486.1	79
MN769609.1	79
MN770813.1	80
MN770852.1	80
MN770923.1	80
MN770863.1	80
MN770855.1	80
MN769658.1	80
MN770293.1	80
MN770688.1	80
MN769224.1	80
MN769418.1	80
MN770753.1	80
MN770360.1	80
MN770901.1	81
MN770903.1	81
MN770985.1	81
MN770067.1	81
MW455358.1	81
MN770899.1	81
MN770902.1	81
MN769651.1	81
MN770900.1	81
MN770898.1	81
MN770721.1	81
MN771050.1	81
KP343858.1	82
MZ286243.1	82
MW455409.1	82
MZ286240.1	82
MN769618.1	82
MN770565.1	82
MN769071.1	82
MN769797.1	82
MN770118.1	82
MN771415.1	82
MN771465.1	82
MN771365.1	82
MN769862.1	83
MN771387.1	83
MN771042.1	83
MN770239.1	83
MN770240.1	83
MN770241.1	83
MN770247.1	83
MN770927.1	83
MN770932.1	83
MN770954.1	83
MN769304.1	83
MN770942.1	83
MN770812.1	84
MN770840.1	84
MN771141.1	84
MN770496.1	84
MN770824.1	84
MN770827.1	84
MN770831.1	84
MN770832.1	84
MN770841.1	84
MN770987.1	84
MN770969.1	84
MN770578.1	84
MN770395.1	85
MN770478.1	85
MN770486.1	85
MN770621.1	85
MN770453.1	85
MN770523.1	85
MN770693.1	85
MN770716.1	85
MN770744.1	85
MN770513.1	85
MN770530.1	85
MN770567.1	85
MN769228.1	86
MN769578.1	86
MN769719.1	86
MN770487.1	86
MN770956.1	86
MN770073.1	86
MN770121.1	86
MN770126.1	86
MN770095.1	86
MN771356.1	86
MN771142.1	86
MH649206.1	86
MN770109.1	87
MN770598.1	87
MN769416.1	87
MN769613.1	87
MN769674.1	87
MN770176.1	87
MN770200.1	87
MH649152.1	87
MN771403.1	87
MN771039.1	87
MN771040.1	87
MN771038.1	87
MN770396.1	88
MN769967.1	88
MN770733.1	88
MN769918.1	88
MN769852.1	88
MN769912.1	88
MN769980.1	88
MN769987.1	88
MN769996.1	88
MN770021.1	88
MN770968.1	88
MN769221.1	89
MN771135.1	89
MN771174.1	89
OZ258707.1	89
OZ258919.1	89
MN770329.1	89
MN770510.1	89
MN771443.1	89
MN771477.1	89
MN771507.1	89
MN771390.1	89
MN769432.1	90
MN769712.1	90
MN770220.1	90
MN770223.1	90
MN770861.1	90
MN770708.1	90
MN770986.1	90
MN771003.1	90
MN769464.1	90
OZ258753.1	90
OZ258965.1	90
MN769207.1	91
MN769354.1	91
MN769767.1	91
MN770587.1	91
MN770332.1	91
MN770826.1	91
MN770996.1	91
MN769359.1	91
MN771124.1	91
OZ258741.1	91
OZ258953.1	91
MN771061.1	92
MZ286180.1	92
MN771102.1	92
MN771055.1	92
MN769144.1	92
MN770937.1	92
MN770526.1	92
MN771351.1	92
MN770277.1	92
MN769556.1	92
MN769388.1	92
AB290919.1	93
NC_014093.1	93
MT506589.1	93
OK574374.1	93
MN774941.1	93
MN774955.1	93
MN774954.1	93
MN774962.1	93
AY622909.1	93
NC_007014.1	93
MN769440.1	94
MN770398.1	94
MN771444.1	94
MN770088.1	94
MN770093.1	94
MN769030.1	94
MN769240.1	94
MN769287.1	94
MN770120.1	94
MN769624.1	94
KP343864.1	95
MN769739.1	95
MN771087.1	95
MN770995.1	95
MN770362.1	95
MN769180.1	95
MN770375.1	95
MN770894.1	95
MN770895.1	95
MZ286195.1	95
MN769173.1	96
MN771249.1	96
MN771460.1	96
MN769247.1	96
MN769367.1	96
MN770244.1	96
MN770268.1	96
MN770633.1	96
MN771383.1	96
MN771353.1	96
MN769384.1	97
MN769314.1	97
MN769715.1	97
MN769989.1	97
MN769363.1	97
MN770484.1	97
MN770491.1	97
MN770628.1	97
MN770064.1	97
MN771371.1	97
MN770108.1	98
MN769235.1	98
MN769582.1	98
MN769792.1	98
MN770041.1	98
MN770043.1	98
MN770084.1	98
MN770090.1	98
MN770031.1	98
MN771422.1	98
MN769437.1	99
MN770943.1	99
MN770789.1	99
MN770941.1	99
MN770494.1	99
MN770343.1	99
MN770363.1	99
MN770130.1	99
MN770703.1	99
MN769223.1	99
MN771237.1	100
MN771399.1	100
MN771235.1	100
MN770482.1	100
MN770595.1	100
MN770763.1	100
MN771430.1	100
MN770522.1	100
MH649209.1	100
NC_075369.1	100
OK574365.1	101
MN770428.1	101
MN770980.1	101
MN770991.1	101
MN770997.1	101
MN770950.1	101
MN770967.1	101
MN771001.1	101
MN769179.1	101
MN771474.1	101
MN769742.1	102
MN769647.1	102
MN769919.1	102
MN770506.1	102
MN770618.1	102
MN770680.1	102
MN770694.1	102
MN770588.1	102
OZ258736.1	102
OZ258948.1	102
MH649178.1	103
MW455448.1	103
MN765197.1	103
MW455397.1	103
MW455370.1	103
KP343846.1	103
MZ286129.1	103
MW455435.1	103
MZ286135.1	103
MN771134.1	104
MN769131.1	104
MN769329.1	104
MN769389.1	104
MN770094.1	104
MN770122.1	104
MZ286265.1	104
MH649263.1	104
KP343857.1	104
MN769246.1	105
MN770322.1	105
MZ286244.1	105
MZ286234.1	105
MZ286237.1	105
MZ286276.1	105
MH648897.1	105
MH649002.1	105
MH648999.1	105
MN769135.1	106
MN769148.1	106
MN769291.1	106
MN770538.1	106
MN770583.1	106
MN770727.1	106
MN769166.1	106
MN769167.1	106
MN771199.1	106
MN770312.1	107
MN770947.1	107
MN770912.1	107
MN770833.1	107
MN771094.1	107
MN771121.1	107
MN771418.1	107
MN770499.1	107
MN770784.1	107
MN769605.1	108
MN770045.1	108
MN769977.1	108
MN771494.1	108
MN769947.1	108
MN769961.1	108
MN770010.1	108
MZ286171.1	108
MN771269.1	108
MN769310.1	109
MN769871.1	109
MN769899.1	109
MN769922.1	109
MN769942.1	109
MN769953.1	109
MN771448.1	109
OZ258776.1	109
OZ258988.1	109
MN771297.1	110
MN770367.1	110
MN770391.1	110
MN770604.1	110
MN770767.1	110
MN771382.1	110
MH649174.1	110
MH649196.1	110
KP343836.1	110
MN769790.1	111
KU243129.1	111
MN769796.1	111
MW455431.1	111
OZ258613.1	111
MN770318.1	111
MN770885.1	111
MZ286287.1	111
MN770500.1	111
AB303552.1	112
NC_038352.1	112
AB303557.1	112
AB303556.1	112
MZ286026.1	112
MZ286087.1	112
MZ286112.1	112
MZ286067.1	112
MN769659.1	113
MN769732.1	113
MN769398.1	113
MN770135.1	113
OZ258770.1	113
OZ258982.1	113
MN769429.1	113
MN769526.1	113
OZ258715.1	114
OZ258927.1	114
MN770433.1	114
MN771037.1	114
OR148954.1	114
MN770934.1	114
MN770344.1	114
MN771343.1	114
OK574415.1	115
MN769116.1	115
MN770962.1	115
MN770641.1	115
MN770692.1	115
MN770548.1	115
MN770625.1	115
MN769766.1	115
MN769209.1	116
MN769343.1	116
OZ258716.1	116
OZ258928.1	116
MN769771.1	116
OZ258724.1	116
OZ258936.1	116
MN771482.1	116
MH017548.1	117
MH017549.1	117
MH017550.1	117
MH017551.1	117
MH017554.1	117
MH017555.1	117
MH017552.1	117
MH017553.1	117
MN770086.1	118
MN769049.1	118
MN769152.1	118
MN770194.1	118
MN769156.1	118
MZ286248.1	118
KP343863.1	118
MN771364.1	118
MZ286022.1	119
MH649158.1	119
MZ286101.1	119
MW455384.1	119
MW455401.1	119
MH649169.1	119
MH649113.1	119
MN770330.1	120
MN770825.1	120
MN770955.1	120
MN770958.1	120
MZ286262.1	120
OZ258804.1	120
OZ259016.1	120
AB290917.1	121
NC_009225.1	121
AB290918.1	121
MN774973.1	121
MZ286173.1	121
AY622908.1	121
NC_007013.1	121
AB303563.1	122
AB303553.1	122
NC_038353.1	122
MN774970.1	122
MZ285963.1	122
MN774961.1	122
MW455373.1	122
OK574382.1	123
MZ286153.1	123
MZ286116.1	123
MN774958.1	123
KP343825.1	123
KP343826.1	123
MW455436.1	123
OK574371.1	124
MN769263.1	124
MN769313.1	124
MN770233.1	124
MN770221.1	124
MN770222.1	124
MZ286084.1	124
MN771112.1	125
MN770867.1	125
MN770501.1	125
MN770611.1	125
MN770742.1	125
MN771254.1	125
MN771368.1	125
MN769162.1	126
MN769868.1	126
MN769959.1	126
MN769668.1	126
MN769952.1	126
MN769994.1	126
MN770719.1	126
MN771246.1	127
MZ286033.1	127
MN771267.1	127
MN771419.1	127
MN771463.1	127
MN770545.1	127
MH649084.1	127
KP343834.1	128
AF291073.1	128
NC_014068.1	128
MN769699.1	128
MN769829.1	128
MN769447.1	128
MN771436.1	128
MN769872.1	129
MN770581.1	129
MN769904.1	129
MN769848.1	129
MN769884.1	129
MN771434.1	129
MN769981.1	129
MN770336.1	130
MH649061.1	130
MN771256.1	130
MN770664.1	130
MN770857.1	130
KP343835.1	130
MH649186.1	130
MK212029.1	131
MN770452.1	131
MN770566.1	131
MN770803.1	131
MN770652.1	131
MN770577.1	131
MN770846.1	131
MN770248.1	132
MN771073.1	132
OZ258791.1	132
OZ259003.1	132
MN770256.1	132
MN770270.1	132
MN770255.1	132
MN770761.1	133
MN770807.1	133
MN770810.1	133
MN770845.1	133
MN770822.1	133
OZ258777.1	133
OZ258989.1	133
MN769756.1	134
MN771117.1	134
MN769795.1	134
MN769417.1	134
MN769791.1	134
MN769816.1	134
MN769776.1	134
OZ258713.1	135
OZ258925.1	135
MN769383.1	135
MN769704.1	135
MN771010.1	135
OZ258711.1	135
OZ258923.1	135
OZ258612.1	136
MZ286038.1	136
MZ285970.1	136
MH649062.1	136
MH648911.1	136
MH648908.1	136
MN774952.1	137
MN774951.1	137
MN774937.1	137
MN774978.1	137
MN774960.1	137
MN774963.1	137
MZ286223.1	138
MZ286095.1	138
MZ285996.1	138
MZ286175.1	138
MZ286083.1	138
MZ286165.1	138
MN770051.1	139
MN770307.1	139
MN771131.1	139
MN771190.1	139
MN769096.1	139
MN771393.1	139
MW455381.1	140
MN770049.1	140
MN771380.1	140
MN770601.1	140
MN770704.1	140
MN770035.1	140
MN769682.1	141
MN769292.1	141
MZ286292.1	141
OK574414.1	141
MN771367.1	141
MN769034.1	141
MN770859.1	142
OK574388.1	142
MN771077.1	142
MN771464.1	142
MN769265.1	142
MN771425.1	142
MN769055.1	143
MN769097.1	143
MN769317.1	143
MN769688.1	143
MN770919.1	143
KP343855.1	143
MN770026.1	144
MN770724.1	144
MN770608.1	144
MN769875.1	144
MN769932.1	144
MN771400.1	144
MN769666.1	145
MN769859.1	145
MN770235.1	145
MN770061.1	145
MH649199.1	145
MN771129.1	145
MN769202.1	146
MN771030.1	146
KP343819.1	146
MN769917.1	146
MN769949.1	146
MN769951.1	146
MN770384.1	147
MN769806.1	147
MN770662.1	147
MN771281.1	147
MN770707.1	147
MH648978.1	147
MN770868.1	148
MN770870.1	148
MN770872.1	148
MN770874.1	148
MN771502.1	148
MN770878.1	148
MN770564.1	149
MN771089.1	149
MN771495.1	149
MN770245.1	149
MN770097.1	149
MN770009.1	149
MN770036.1	150
MN770667.1	150
MN770722.1	150
MN770751.1	150
MN771122.1	150
MN771178.1	150
MN769100.1	151
MN769484.1	151
MN770470.1	151
MN770524.1	151
MN770764.1	151
MN771378.1	151
MK212032.1	152
MN769234.1	152
NC_075447.1	152
MN769098.1	152
MN769516.1	152
MN770183.1	152
MN769870.1	153
MN769873.1	153
MN771054.1	153
MN771442.1	153
MN771491.1	153
MN771391.1	153
MN774988.1	154
KP343820.1	154
MN774934.1	154
PP728781.1	154
MN774959.1	154
AB303564.1	155
NC_038360.1	155
MN774984.1	155
MN774957.1	155
MN774983.1	155
OZ258705.1	156
OZ258917.1	156
MZ286000.1	156
MN774982.1	156
MN774974.1	156
MZ286238.1	157
MZ286177.1	157
MN774964.1	157
MW455406.1	157
MZ286150.1	157
AB303565.1	158
AB303560.1	158
NC_038357.1	158
KP343827.1	158
MW455365.1	158
MN771279.1	159
MN769810.1	159
MN769843.1	159
MN770058.1	159
MN769109.1	159
MN769375.1	160
MN770952.1	160
MN769975.1	160
MN771226.1	160
MN770655.1	160
MN769888.1	161
MN771416.1	161
MN769723.1	161
MN769663.1	161
MN769515.1	161
MN769585.1	162
MN769326.1	162
MN769511.1	162
MN770556.1	162
MN771453.1	162
MH648989.1	163
NC_075374.1	163
MZ286290.1	163
MZ286255.1	163
MN770993.1	163
MN770546.1	164
MN770234.1	164
NC_038345.1	164
MW455357.1	164
MN770685.1	164
MN771265.1	165
MN771224.1	165
MN771384.1	165
MN771389.1	165
MZ286271.1	165
MN770656.1	166
MN769774.1	166
MN769083.1	166
MN769176.1	166
MN769754.1	166
MN771137.1	167
MN770830.1	167
MN769393.1	167
MN771490.1	167
MN770406.1	167
MZ286004.1	168
MN770468.1	168
OZ258728.1	168
OZ258940.1	168
MN771376.1	168
MN770346.1	169
MN770376.1	169
MN770957.1	169
MN771421.1	169
MN771503.1	169
MN769701.1	170
MN769297.1	170
MN771484.1	170
MN771459.1	170
MN771417.1	170
MN769159.1	171
MN771348.1	171
MN769099.1	171
MN771374.1	171
MN770378.1	171
MN770129.1	172
MN770278.1	172
MZ286007.1	172
MN771375.1	172
MN769178.1	172
MT501646.1	173
MT501653.1	173
MT501649.1	173
MZ286141.1	173
MW455393.1	174
MZ286027.1	174
KP343844.1	174
MH649109.1	174
OZ258816.1	175
OZ259028.1	175
MH649255.1	175
MZ286103.1	175
AB303561.1	176
NC_038358.1	176
MW455407.1	176
MZ286201.1	176
AB303562.1	177
NC_038359.1	177
MN774971.1	177
MZ286191.1	177
MN774975.1	178
MN774969.1	178
MN774967.1	178
MN774968.1	178
MN774939.1	179
MN774938.1	179
PP728782.1	179
MN774930.1	179
MN771499.1	180
MN770075.1	180
MN771194.1	180
MN770214.1	180
MN770179.1	181
MN769864.1	181
MN769413.1	181
MN769588.1	181
MN770632.1	182
MN770559.1	182
MN770773.1	182
MN771009.1	182
MN771505.1	183
MN769129.1	183
MN769650.1	183
MN771152.1	183
MN771180.1	184
MN770517.1	184
MN771090.1	184
KP343831.1	184
MN769324.1	185
MN769931.1	185
MN770303.1	185
MN771125.1	185
MN769303.1	186
MN771183.1	186
OZ258761.1	186
OZ258973.1	186
MN771299.1	187
MN769573.1	187
MN769500.1	187
MN769581.1	187
MN770227.1	188
MN769242.1	188
OZ258798.1	188
OZ259010.1	188
MN770558.1	189
KX810064.1	189
MN771145.1	189
NC_076156.1	189
MN771355.1	190
MN771268.1	190
OZ258739.1	190
OZ258951.1	190
MN770273.1	191
MN770820.1	191
MN770818.1	191
MN770263.1	191
OZ258729.1	192
OZ258941.1	192
MN771352.1	192
MN771398.1	192
MN769940.1	193
MN770875.1	193
MH648910.1	193
NC_075379.1	193
MZ286263.1	194
MN771305.1	194
MN771307.1	194
MN770816.1	194
MN769690.1	195
MN769268.1	195
MN769371.1	195
MN770649.1	195
MN771111.1	196
MN771157.1	196
MN771164.1	196
MN770419.1	196
AB026929.1	197
MW455364.1	197
NC_014095.1	197
KP343832.1	197
MN770091.1	198
MN770054.1	198
MN770066.1	198
MN770110.1	198
KP343829.1	199
MN771271.1	199
MN770432.1	199
MN770434.1	199
MN770229.1	200
MN770228.1	200
MN771291.1	200
MN771298.1	200
MN771303.1	201
MN770971.1	201
MN770071.1	201
MN771272.1	201
OZ258771.1	202
OZ258983.1	202
MN770935.1	202
OK574362.1	202
MW455417.1	203
MH649063.1	203
NC_038337.1	203
MN770792.1	204
MN771202.1	204
MN769855.1	204
MW455394.1	205
OP549859.1	205
MZ286189.1	205
MZ285962.1	206
MZ286068.1	206
MW455412.1	206
AB303555.1	207
MN774943.1	207
MN774972.1	207
MN774942.1	208
MN774953.1	208
MN774979.1	208
MZ286041.1	209
MW455378.1	209
MZ286069.1	209
MW455362.1	210
MN774981.1	210
MZ286071.1	210
MZ286005.1	211
MZ286154.1	211
MW455408.1	211
MN774927.1	212
MN774928.1	212
MN774931.1	212
MZ286089.1	213
MZ286202.1	213
KP343823.1	213
MZ286024.1	214
MN774948.1	214
OP549858.1	214
PP728779.1	215
PP728776.1	215
MN774956.1	215
MN774932.1	216
MN774929.1	216
MN774933.1	216
MN770896.1	217
MN769231.1	217
MN769442.1	217
MN769449.1	218
MZ286111.1	218
MN769183.1	218
MN770682.1	219
MN771289.1	219
MN771446.1	219
MN769577.1	220
MN769579.1	220
MN771420.1	220
MN769241.1	221
MN769698.1	221
MN769787.1	221
MN770297.1	222
MN771108.1	222
MN771143.1	222
MN769143.1	223
OZ258737.1	223
OZ258949.1	223
MN771349.1	224
MZ286282.1	224
MN771110.1	224
MN770046.1	225
MN770089.1	225
MH649045.1	225
MN769128.1	226
MN769491.1	226
MN771429.1	226
MN770877.1	227
MN771035.1	227
MN771234.1	227
MN771366.1	228
MN771336.1	228
MN771337.1	228
MN770678.1	229
MN771147.1	229
MN771091.1	229
MN770422.1	230
MH648907.1	230
NC_075380.1	230
MN771046.1	231
MN770897.1	231
MN771047.1	231
MN769927.1	232
MN769955.1	232
MZ286194.1	232
MN770963.1	233
MN770209.1	233
MN771468.1	233
MN769552.1	234
MH648912.1	234
NC_075378.1	234
MZ285991.1	235
MN770099.1	235
MH648983.1	235
MN770671.1	236
MN770842.1	236
MN770466.1	236
MN771072.1	237
MN771080.1	237
MN770072.1	237
MN770265.1	238
MN771386.1	238
MN770493.1	238
MN770224.1	239
MN770226.1	239
MN770215.1	239
MN769886.1	240
MN770889.1	240
MN771471.1	240
MN771372.1	241
MN771512.1	241
MN770436.1	241
MN770535.1	242
MN771146.1	242
MN770811.1	242
MH649114.1	243
NC_075371.1	243
MZ286021.1	243
MK820644.1	244
MH649053.1	244
MZ286113.1	245
AY823988.1	245
MW455351.1	246
MH648925.1	246
MZ286131.1	247
MZ285988.1	247
KP343841.1	248
MH648959.1	248
MZ286062.1	249
MH649099.1	249
MZ286110.1	250
MZ285973.1	250
MH649127.1	251
MN774989.1	251
MN774950.1	252
MZ286199.1	252
MZ286147.1	253
MZ286198.1	253
MZ286096.1	254
KP343828.1	254
MZ286214.1	255
MW455405.1	255
MW455410.1	256
MZ286085.1	256
MZ286138.1	257
MZ286197.1	257
AB303559.1	258
NC_038356.1	258
MN774945.1	259
MN774946.1	259
MW455450.1	260
MZ286139.1	260
MZ286091.1	261
MZ286203.1	261
KY856742.1	262
NC_076166.1	262
MN771153.1	263
MN770835.1	263
MZ286187.1	264
MN769402.1	264
MN769077.1	265
MN771085.1	265
MH649157.1	266
MH649172.1	266
MN769819.1	267
MN771063.1	267
MN771449.1	268
MN771339.1	268
MN770888.1	269
MN770184.1	269
MN771293.1	270
MN770242.1	270
MN770672.1	271
MN770725.1	271
MH017560.1	272
MH017561.1	272
MN771251.1	273
MH649068.1	273
MN770386.1	274
MN770533.1	274
MN769236.1	275
MN771373.1	275
MH649229.1	276
MH648977.1	276
MN770563.1	277
MN770399.1	277
MN771277.1	278
MN771204.1	278
MN769104.1	279
MN769256.1	279
MN770092.1	280
MN771431.1	280
MN769535.1	281
MN769974.1	281
MN771043.1	282
MN771227.1	282
MH649029.1	283
NC_075372.1	283
MN770933.1	284
MW455402.1	284
OK574426.1	285
MN769945.1	285
MN771236.1	286
MN771258.1	286
MN770114.1	287
MN770039.1	287
OK574418.1	288
MN771041.1	288
MZ286224.1	289
MN771456.1	289
MH649161.1	290
MH649101.1	290
MN770684.1	291
MN769839.1	291
MN769897.1	292
MN770098.1	292
MN771315.1	293
MN771314.1	293
MZ286020.1	294
MH649165.1	294
OZ258712.1	295
OZ258924.1	295
MH648966.1	296
NC_075377.1	296
MH648986.1	297
NC_075375.1	297
JQ308210.1	298
NC_017091.1	298
KF294862.1	299
NC_022789.1	299
JX310702.1	300
NC_018401.1	300
KF294861.1	301
NC_022788.1	301
MW455437.1	302
MZ285978.1	303
MH648932.1	304
MW455360.1	305
MH648962.1	306
MN771428.1	307
OK574345.1	308
MN774986.1	309
MZ285986.1	310
MZ286117.1	311
MZ286081.1	312
MZ286172.1	313
MZ286032.1	314
MN774965.1	315
MN774977.1	316
MN774976.1	317
MZ286217.1	318
MN774935.1	319
MZ285999.1	320
MN774936.1	321
KP343822.1	322
NC_038351.1	323
MW455361.1	324
NC_038350.1	325
MN770002.1	326
OK574383.1	327
KP343861.1	328
MN771362.1	329
MN769482.1	330
MN769323.1	331
KP343821.1	332
MN770519.1	333
MN771511.1	334
OK574427.1	335
MN770913.1	336
MZ286127.1	337
MN769171.1	338
MN769550.1	339
MN769395.1	340
MN771191.1	341
MH649011.1	342
MN770815.1	343
MN771239.1	344
MN770603.1	345
MN770078.1	346
MN769596.1	347
MN769608.1	348
MN771461.1	349
MN769293.1	350
MN771379.1	351
KP343852.1	352
MN771248.1	353
MZ286134.1	354
MH649006.1	355
MN769473.1	356
MN771155.1	357
MN771070.1	358
MN771432.1	359
MH649254.1	360
MH649185.1	361
MW455388.1	362
OK574410.1	363
MN770922.1	364
MN771479.1	365
MN770714.1	366
MN771466.1	367
MN769853.1	368
MH649056.1	369
MN770698.1	370
MN770034.1	371
MN771504.1	372
MN770560.1	373
MH648900.1	374
MH649023.1	375
MH648922.1	376
KJ194503.1	377
MZ286176.1	378
MZ286058.1	379
JQ690763.1	380
JQ690762.1	381
